0,1,2,3,4,5,6,7,8,9,10,11,12,13,14,15,16,hour,day_year
511.133879781,84.0788269957,500.148594378,78.930167393,486.82379349,75.0884724264,475.638196916,72.7285962975,468.756695157,71.2049223489,467.555950266,70.8558636733,469.173726212,71.4970329601,470.012195122,72.8139725269,471.489035088,16.5,313
534.734042553,106.950534839,523.867933723,94.1887306552,509.601449275,87.8974112857,500.330928331,85.0470022152,494.908911866,83.0461386836,493.895741557,82.5122271891,493.717834078,81.8963505819,493.371144279,81.5546225741,492.9286754,18.5,315
523.867933723,94.1887306552,509.601449275,87.8974112857,500.330928331,85.0470022152,494.908911866,83.0461386836,493.895741557,82.5122271891,493.717834078,81.8963505819,493.371144279,81.5546225741,492.9286754,81.2657397627,493.060517326,19.0,315
509.601449275,87.8974112857,500.330928331,85.0470022152,494.908911866,83.0461386836,493.895741557,82.5122271891,493.717834078,81.8963505819,493.371144279,81.5546225741,492.9286754,81.2657397627,493.060517326,80.8746030277,492.287671233,19.5,315
500.330928331,85.0470022152,494.908911866,83.0461386836,493.895741557,82.5122271891,493.717834078,81.8963505819,493.371144279,81.5546225741,492.9286754,81.2657397627,493.060517326,80.8746030277,492.287671233,80.7448368916,491.950711382,20.0,315
494.908911866,83.0461386836,493.895741557,82.5122271891,493.717834078,81.8963505819,493.371144279,81.5546225741,492.9286754,81.2657397627,493.060517326,80.8746030277,492.287671233,80.7448368916,491.950711382,80.4520613125,491.765374677,20.5,315
493.895741557,82.5122271891,493.717834078,81.8963505819,493.371144279,81.5546225741,492.9286754,81.2657397627,493.060517326,80.8746030277,492.287671233,80.7448368916,491.950711382,80.4520613125,491.765374677,80.347312106,491.97922999,21.0,315
493.717834078,81.8963505819,493.371144279,81.5546225741,492.9286754,81.2657397627,493.060517326,80.8746030277,492.287671233,80.7448368916,491.950711382,80.4520613125,491.765374677,80.347312106,491.97922999,80.2311240387,491.93762475,21.5,315
493.371144279,81.5546225741,492.9286754,81.2657397627,493.060517326,80.8746030277,492.287671233,80.7448368916,491.950711382,80.4520613125,491.765374677,80.347312106,491.97922999,80.2311240387,491.93762475,80.1320341116,491.27148847,22.0,315
492.9286754,81.2657397627,493.060517326,80.8746030277,492.287671233,80.7448368916,491.950711382,80.4520613125,491.765374677,80.347312106,491.97922999,80.2311240387,491.93762475,80.1320341116,491.27148847,80.1305361155,490.524517906,22.5,315
493.060517326,80.8746030277,492.287671233,80.7448368916,491.950711382,80.4520613125,491.765374677,80.347312106,491.97922999,80.2311240387,491.93762475,80.1320341116,491.27148847,80.1305361155,490.524517906,80.1494677807,490.582097748,23.0,315
492.287671233,80.7448368916,491.950711382,80.4520613125,491.765374677,80.347312106,491.97922999,80.2311240387,491.93762475,80.1320341116,491.27148847,80.1305361155,490.524517906,80.1494677807,490.582097748,80.0939857806,490.393270242,23.5,315
491.950711382,80.4520613125,491.765374677,80.347312106,491.97922999,80.2311240387,491.93762475,80.1320341116,491.27148847,80.1305361155,490.524517906,80.1494677807,490.582097748,80.0939857806,490.393270242,80.1961376695,490.63684771,0.0,316
491.765374677,80.347312106,491.97922999,80.2311240387,491.93762475,80.1320341116,491.27148847,80.1305361155,490.524517906,80.1494677807,490.582097748,80.0939857806,490.393270242,80.1961376695,490.63684771,80.1307615771,490.314907873,0.5,316
491.97922999,80.2311240387,491.93762475,80.1320341116,491.27148847,80.1305361155,490.524517906,80.1494677807,490.582097748,80.0939857806,490.393270242,80.1961376695,490.63684771,80.1307615771,490.314907873,80.2968531518,490.162854031,1.0,316
491.93762475,80.1320341116,491.27148847,80.1305361155,490.524517906,80.1494677807,490.582097748,80.0939857806,490.393270242,80.1961376695,490.63684771,80.1307615771,490.314907873,80.2968531518,490.162854031,80.4266276982,490.361458333,1.5,316
491.27148847,80.1305361155,490.524517906,80.1494677807,490.582097748,80.0939857806,490.393270242,80.1961376695,490.63684771,80.1307615771,490.314907873,80.2968531518,490.162854031,80.4266276982,490.361458333,80.5253158183,490.695013123,2.0,316
490.524517906,80.1494677807,490.582097748,80.0939857806,490.393270242,80.1961376695,490.63684771,80.1307615771,490.314907873,80.2968531518,490.162854031,80.4266276982,490.361458333,80.5253158183,490.695013123,80.4882638855,491.62629569,2.5,316
490.582097748,80.0939857806,490.393270242,80.1961376695,490.63684771,80.1307615771,490.314907873,80.2968531518,490.162854031,80.4266276982,490.361458333,80.5253158183,490.695013123,80.4882638855,491.62629569,80.4775782589,492.115873016,3.0,316
490.393270242,80.1961376695,490.63684771,80.1307615771,490.314907873,80.2968531518,490.162854031,80.4266276982,490.361458333,80.5253158183,490.695013123,80.4882638855,491.62629569,80.4775782589,492.115873016,80.7211680355,491.96781233,3.5,316
490.63684771,80.1307615771,490.314907873,80.2968531518,490.162854031,80.4266276982,490.361458333,80.5253158183,490.695013123,80.4882638855,491.62629569,80.4775782589,492.115873016,80.7211680355,491.96781233,80.9890697568,492.48,4.0,316
490.314907873,80.2968531518,490.162854031,80.4266276982,490.361458333,80.5253158183,490.695013123,80.4882638855,491.62629569,80.4775782589,492.115873016,80.7211680355,491.96781233,80.9890697568,492.48,81.0113916414,492.126623377,4.5,316
490.162854031,80.4266276982,490.361458333,80.5253158183,490.695013123,80.4882638855,491.62629569,80.4775782589,492.115873016,80.7211680355,491.96781233,80.9890697568,492.48,81.0113916414,492.126623377,81.1321537751,492.666140904,5.0,316
490.361458333,80.5253158183,490.695013123,80.4882638855,491.62629569,80.4775782589,492.115873016,80.7211680355,491.96781233,80.9890697568,492.48,81.0113916414,492.126623377,81.1321537751,492.666140904,81.1256564295,492.833844581,5.5,316
490.695013123,80.4882638855,491.62629569,80.4775782589,492.115873016,80.7211680355,491.96781233,80.9890697568,492.48,81.0113916414,492.126623377,81.1321537751,492.666140904,81.1256564295,492.833844581,81.205529849,492.688854489,6.0,316
491.62629569,80.4775782589,492.115873016,80.7211680355,491.96781233,80.9890697568,492.48,81.0113916414,492.126623377,81.1321537751,492.666140904,81.1256564295,492.833844581,81.205529849,492.688854489,81.3008490924,492.515418502,6.5,316
492.115873016,80.7211680355,491.96781233,80.9890697568,492.48,81.0113916414,492.126623377,81.1321537751,492.666140904,81.1256564295,492.833844581,81.205529849,492.688854489,81.3008490924,492.515418502,81.3864099436,492.41025641,7.0,316
491.96781233,80.9890697568,492.48,81.0113916414,492.126623377,81.1321537751,492.666140904,81.1256564295,492.833844581,81.205529849,492.688854489,81.3008490924,492.515418502,81.3864099436,492.41025641,81.5678455767,492.775229358,7.5,316
492.48,81.0113916414,492.126623377,81.1321537751,492.666140904,81.1256564295,492.833844581,81.205529849,492.688854489,81.3008490924,492.515418502,81.3864099436,492.41025641,81.5678455767,492.775229358,81.5167379451,492.064646465,8.0,316
492.126623377,81.1321537751,492.666140904,81.1256564295,492.833844581,81.205529849,492.688854489,81.3008490924,492.515418502,81.3864099436,492.41025641,81.5678455767,492.775229358,81.5167379451,492.064646465,81.5135264614,490.831091181,8.5,316
492.666140904,81.1256564295,492.833844581,81.205529849,492.688854489,81.3008490924,492.515418502,81.3864099436,492.41025641,81.5678455767,492.775229358,81.5167379451,492.064646465,81.5135264614,490.831091181,81.3966118204,490.150758688,9.0,316
492.833844581,81.205529849,492.688854489,81.3008490924,492.515418502,81.3864099436,492.41025641,81.5678455767,492.775229358,81.5167379451,492.064646465,81.5135264614,490.831091181,81.3966118204,490.150758688,81.1378080788,489.201584943,9.5,316
492.688854489,81.3008490924,492.515418502,81.3864099436,492.41025641,81.5678455767,492.775229358,81.5167379451,492.064646465,81.5135264614,490.831091181,81.3966118204,490.150758688,81.1378080788,489.201584943,80.7197714211,488.116290727,10.0,316
492.515418502,81.3864099436,492.41025641,81.5678455767,492.775229358,81.5167379451,492.064646465,81.5135264614,490.831091181,81.3966118204,490.150758688,81.1378080788,489.201584943,80.7197714211,488.116290727,80.1360995387,486.321060383,10.5,316
492.41025641,81.5678455767,492.775229358,81.5167379451,492.064646465,81.5135264614,490.831091181,81.3966118204,490.150758688,81.1378080788,489.201584943,80.7197714211,488.116290727,80.1360995387,486.321060383,79.6281961715,483.811741873,11.0,316
492.775229358,81.5167379451,492.064646465,81.5135264614,490.831091181,81.3966118204,490.150758688,81.1378080788,489.201584943,80.7197714211,488.116290727,80.1360995387,486.321060383,79.6281961715,483.811741873,79.2605748136,477.794305351,11.5,316
492.064646465,81.5135264614,490.831091181,81.3966118204,490.150758688,81.1378080788,489.201584943,80.7197714211,488.116290727,80.1360995387,486.321060383,79.6281961715,483.811741873,79.2605748136,477.794305351,79.0086195838,474.640389294,12.0,316
490.831091181,81.3966118204,490.150758688,81.1378080788,489.201584943,80.7197714211,488.116290727,80.1360995387,486.321060383,79.6281961715,483.811741873,79.2605748136,477.794305351,79.0086195838,474.640389294,78.5248076947,474.903021442,12.5,316
490.150758688,81.1378080788,489.201584943,80.7197714211,488.116290727,80.1360995387,486.321060383,79.6281961715,483.811741873,79.2605748136,477.794305351,79.0086195838,474.640389294,78.5248076947,474.903021442,78.403985118,476.600890208,13.0,316
489.201584943,80.7197714211,488.116290727,80.1360995387,486.321060383,79.6281961715,483.811741873,79.2605748136,477.794305351,79.0086195838,474.640389294,78.5248076947,474.903021442,78.403985118,476.600890208,78.8755370738,478.270123457,13.5,316
488.116290727,80.1360995387,486.321060383,79.6281961715,483.811741873,79.2605748136,477.794305351,79.0086195838,474.640389294,78.5248076947,474.903021442,78.403985118,476.600890208,78.8755370738,478.270123457,79.3799030909,479.381161542,14.0,316
486.321060383,79.6281961715,483.811741873,79.2605748136,477.794305351,79.0086195838,474.640389294,78.5248076947,474.903021442,78.403985118,476.600890208,78.8755370738,478.270123457,79.3799030909,479.381161542,79.6056695997,480.323838081,14.5,316
483.811741873,79.2605748136,477.794305351,79.0086195838,474.640389294,78.5248076947,474.903021442,78.403985118,476.600890208,78.8755370738,478.270123457,79.3799030909,479.381161542,79.6056695997,480.323838081,79.6088958099,481.293912176,15.0,316
477.794305351,79.0086195838,474.640389294,78.5248076947,474.903021442,78.403985118,476.600890208,78.8755370738,478.270123457,79.3799030909,479.381161542,79.6056695997,480.323838081,79.6088958099,481.293912176,79.6645286873,481.918905473,15.5,316
474.640389294,78.5248076947,474.903021442,78.403985118,476.600890208,78.8755370738,478.270123457,79.3799030909,479.381161542,79.6056695997,480.323838081,79.6088958099,481.293912176,79.6645286873,481.918905473,79.9181148973,482.46784487,16.0,316
474.903021442,78.403985118,476.600890208,78.8755370738,478.270123457,79.3799030909,479.381161542,79.6056695997,480.323838081,79.6088958099,481.293912176,79.6645286873,481.918905473,79.9181148973,482.46784487,80.266038142,483.274626866,16.5,316
476.600890208,78.8755370738,478.270123457,79.3799030909,479.381161542,79.6056695997,480.323838081,79.6088958099,481.293912176,79.6645286873,481.918905473,79.9181148973,482.46784487,80.266038142,483.274626866,80.2425199589,483.507575758,17.0,316
478.270123457,79.3799030909,479.381161542,79.6056695997,480.323838081,79.6088958099,481.293912176,79.6645286873,481.918905473,79.9181148973,482.46784487,80.266038142,483.274626866,80.2425199589,483.507575758,80.3025321454,484.078313253,17.5,316
479.381161542,79.6056695997,480.323838081,79.6088958099,481.293912176,79.6645286873,481.918905473,79.9181148973,482.46784487,80.266038142,483.274626866,80.2425199589,483.507575758,80.3025321454,484.078313253,80.4165270247,484.064102564,18.0,316
480.323838081,79.6088958099,481.293912176,79.6645286873,481.918905473,79.9181148973,482.46784487,80.266038142,483.274626866,80.2425199589,483.507575758,80.3025321454,484.078313253,80.4165270247,484.064102564,80.6013721952,484.581146744,18.5,316
481.293912176,79.6645286873,481.918905473,79.9181148973,482.46784487,80.266038142,483.274626866,80.2425199589,483.507575758,80.3025321454,484.078313253,80.4165270247,484.064102564,80.6013721952,484.581146744,80.8518959238,485.646854879,19.0,316
481.918905473,79.9181148973,482.46784487,80.266038142,483.274626866,80.2425199589,483.507575758,80.3025321454,484.078313253,80.4165270247,484.064102564,80.6013721952,484.581146744,80.8518959238,485.646854879,81.1337618613,486.607633588,19.5,316
482.46784487,80.266038142,483.274626866,80.2425199589,483.507575758,80.3025321454,484.078313253,80.4165270247,484.064102564,80.6013721952,484.581146744,80.8518959238,485.646854879,81.1337618613,486.607633588,81.4132153125,486.860549508,20.0,316
483.274626866,80.2425199589,483.507575758,80.3025321454,484.078313253,80.4165270247,484.064102564,80.6013721952,484.581146744,80.8518959238,485.646854879,81.1337618613,486.607633588,81.4132153125,486.860549508,81.7681659187,487.755696873,20.5,316
483.507575758,80.3025321454,484.078313253,80.4165270247,484.064102564,80.6013721952,484.581146744,80.8518959238,485.646854879,81.1337618613,486.607633588,81.4132153125,486.860549508,81.7681659187,487.755696873,81.9802398289,488.469505783,21.0,316
484.078313253,80.4165270247,484.064102564,80.6013721952,484.581146744,80.8518959238,485.646854879,81.1337618613,486.607633588,81.4132153125,486.860549508,81.7681659187,487.755696873,81.9802398289,488.469505783,82.1673067021,488.704746137,21.5,316
484.064102564,80.6013721952,484.581146744,80.8518959238,485.646854879,81.1337618613,486.607633588,81.4132153125,486.860549508,81.7681659187,487.755696873,81.9802398289,488.469505783,82.1673067021,488.704746137,82.4083722649,489.274143302,22.0,316
484.581146744,80.8518959238,485.646854879,81.1337618613,486.607633588,81.4132153125,486.860549508,81.7681659187,487.755696873,81.9802398289,488.469505783,82.1673067021,488.704746137,82.4083722649,489.274143302,82.5653855257,489.444444444,22.5,316
485.646854879,81.1337618613,486.607633588,81.4132153125,486.860549508,81.7681659187,487.755696873,81.9802398289,488.469505783,82.1673067021,488.704746137,82.4083722649,489.274143302,82.5653855257,489.444444444,82.7007880808,489.597831978,23.0,316
486.607633588,81.4132153125,486.860549508,81.7681659187,487.755696873,81.9802398289,488.469505783,82.1673067021,488.704746137,82.4083722649,489.274143302,82.5653855257,489.444444444,82.7007880808,489.597831978,82.9432874045,489.988853503,23.5,316
486.860549508,81.7681659187,487.755696873,81.9802398289,488.469505783,82.1673067021,488.704746137,82.4083722649,489.274143302,82.5653855257,489.444444444,82.7007880808,489.597831978,82.9432874045,489.988853503,83.1032478043,490.483493078,0.0,317
487.755696873,81.9802398289,488.469505783,82.1673067021,488.704746137,82.4083722649,489.274143302,82.5653855257,489.444444444,82.7007880808,489.597831978,82.9432874045,489.988853503,83.1032478043,490.483493078,83.1729351237,490.637454356,0.5,317
488.469505783,82.1673067021,488.704746137,82.4083722649,489.274143302,82.5653855257,489.444444444,82.7007880808,489.597831978,82.9432874045,489.988853503,83.1032478043,490.483493078,83.1729351237,490.637454356,83.2355196237,491.383589744,1.0,317
488.704746137,82.4083722649,489.274143302,82.5653855257,489.444444444,82.7007880808,489.597831978,82.9432874045,489.988853503,83.1032478043,490.483493078,83.1729351237,490.637454356,83.2355196237,491.383589744,83.3884629872,491.807101219,1.5,317
489.274143302,82.5653855257,489.444444444,82.7007880808,489.597831978,82.9432874045,489.988853503,83.1032478043,490.483493078,83.1729351237,490.637454356,83.2355196237,491.383589744,83.3884629872,491.807101219,83.5672325273,491.832258065,2.0,317
489.444444444,82.7007880808,489.597831978,82.9432874045,489.988853503,83.1032478043,490.483493078,83.1729351237,490.637454356,83.2355196237,491.383589744,83.3884629872,491.807101219,83.5672325273,491.832258065,83.5956949293,492.365427928,2.5,317
489.597831978,82.9432874045,489.988853503,83.1032478043,490.483493078,83.1729351237,490.637454356,83.2355196237,491.383589744,83.3884629872,491.807101219,83.5672325273,491.832258065,83.5956949293,492.365427928,83.7226405181,492.726933333,3.0,317
489.988853503,83.1032478043,490.483493078,83.1729351237,490.637454356,83.2355196237,491.383589744,83.3884629872,491.807101219,83.5672325273,491.832258065,83.5956949293,492.365427928,83.7226405181,492.726933333,83.8833740831,492.898648649,3.5,317
490.483493078,83.1729351237,490.637454356,83.2355196237,491.383589744,83.3884629872,491.807101219,83.5672325273,491.832258065,83.5956949293,492.365427928,83.7226405181,492.726933333,83.8833740831,492.898648649,83.9483093873,493.095238095,4.0,317
490.637454356,83.2355196237,491.383589744,83.3884629872,491.807101219,83.5672325273,491.832258065,83.5956949293,492.365427928,83.7226405181,492.726933333,83.8833740831,492.898648649,83.9483093873,493.095238095,84.0306897026,493.4671089,4.5,317
491.383589744,83.3884629872,491.807101219,83.5672325273,491.832258065,83.5956949293,492.365427928,83.7226405181,492.726933333,83.8833740831,492.898648649,83.9483093873,493.095238095,84.0306897026,493.4671089,84.1583813625,493.198075835,5.0,317
491.807101219,83.5672325273,491.832258065,83.5956949293,492.365427928,83.7226405181,492.726933333,83.8833740831,492.898648649,83.9483093873,493.095238095,84.0306897026,493.4671089,84.1583813625,493.198075835,84.4412499751,493.0642978,5.5,317
491.832258065,83.5956949293,492.365427928,83.7226405181,492.726933333,83.8833740831,492.898648649,83.9483093873,493.095238095,84.0306897026,493.4671089,84.1583813625,493.198075835,84.4412499751,493.0642978,84.8224586801,493.081140351,6.0,317
492.365427928,83.7226405181,492.726933333,83.8833740831,492.898648649,83.9483093873,493.095238095,84.0306897026,493.4671089,84.1583813625,493.198075835,84.4412499751,493.0642978,84.8224586801,493.081140351,84.9275680225,493.202941176,6.5,317
492.726933333,83.8833740831,492.898648649,83.9483093873,493.095238095,84.0306897026,493.4671089,84.1583813625,493.198075835,84.4412499751,493.0642978,84.8224586801,493.081140351,84.9275680225,493.202941176,85.0968582585,494.024946921,7.0,317
492.898648649,83.9483093873,493.095238095,84.0306897026,493.4671089,84.1583813625,493.198075835,84.4412499751,493.0642978,84.8224586801,493.081140351,84.9275680225,493.202941176,85.0968582585,494.024946921,85.1514538808,493.834408602,7.5,317
493.095238095,84.0306897026,493.4671089,84.1583813625,493.198075835,84.4412499751,493.0642978,84.8224586801,493.081140351,84.9275680225,493.202941176,85.0968582585,494.024946921,85.1514538808,493.834408602,85.1626602,493.287321063,8.0,317
493.4671089,84.1583813625,493.198075835,84.4412499751,493.0642978,84.8224586801,493.081140351,84.9275680225,493.202941176,85.0968582585,494.024946921,85.1514538808,493.834408602,85.1626602,493.287321063,84.843560394,492.002029427,8.5,317
493.198075835,84.4412499751,493.0642978,84.8224586801,493.081140351,84.9275680225,493.202941176,85.0968582585,494.024946921,85.1514538808,493.834408602,85.1626602,493.287321063,84.843560394,492.002029427,84.4773705167,491.469879518,9.0,317
493.0642978,84.8224586801,493.081140351,84.9275680225,493.202941176,85.0968582585,494.024946921,85.1514538808,493.834408602,85.1626602,493.287321063,84.843560394,492.002029427,84.4773705167,491.469879518,84.2212127032,490.281345566,9.5,317
493.081140351,84.9275680225,493.202941176,85.0968582585,494.024946921,85.1514538808,493.834408602,85.1626602,493.287321063,84.843560394,492.002029427,84.4773705167,491.469879518,84.2212127032,490.281345566,83.6995705968,487.45348219,10.0,317
493.202941176,85.0968582585,494.024946921,85.1514538808,493.834408602,85.1626602,493.287321063,84.843560394,492.002029427,84.4773705167,491.469879518,84.2212127032,490.281345566,83.6995705968,487.45348219,83.8754358416,485.712357217,10.5,317
494.024946921,85.1514538808,493.834408602,85.1626602,493.287321063,84.843560394,492.002029427,84.4773705167,491.469879518,84.2212127032,490.281345566,83.6995705968,487.45348219,83.8754358416,485.712357217,83.5527992305,483.930139721,11.0,317
493.834408602,85.1626602,493.287321063,84.843560394,492.002029427,84.4773705167,491.469879518,84.2212127032,490.281345566,83.6995705968,487.45348219,83.8754358416,485.712357217,83.5527992305,483.930139721,83.4315778689,479.338185347,11.5,317
493.287321063,84.843560394,492.002029427,84.4773705167,491.469879518,84.2212127032,490.281345566,83.6995705968,487.45348219,83.8754358416,485.712357217,83.5527992305,483.930139721,83.4315778689,479.338185347,83.7035630964,474.273792094,12.0,317
492.002029427,84.4773705167,491.469879518,84.2212127032,490.281345566,83.6995705968,487.45348219,83.8754358416,485.712357217,83.5527992305,483.930139721,83.4315778689,479.338185347,83.7035630964,474.273792094,83.4389635744,471.584896585,12.5,317
491.469879518,84.2212127032,490.281345566,83.6995705968,487.45348219,83.8754358416,485.712357217,83.5527992305,483.930139721,83.4315778689,479.338185347,83.7035630964,474.273792094,83.4389635744,471.584896585,83.0189361122,470.731104651,13.0,317
490.281345566,83.6995705968,487.45348219,83.8754358416,485.712357217,83.5527992305,483.930139721,83.4315778689,479.338185347,83.7035630964,474.273792094,83.4389635744,471.584896585,83.0189361122,470.731104651,82.7290531844,469.385914134,13.5,317
487.45348219,83.8754358416,485.712357217,83.5527992305,483.930139721,83.4315778689,479.338185347,83.7035630964,474.273792094,83.4389635744,471.584896585,83.0189361122,470.731104651,82.7290531844,469.385914134,82.4403604731,470.23372206,14.0,317
485.712357217,83.5527992305,483.930139721,83.4315778689,479.338185347,83.7035630964,474.273792094,83.4389635744,471.584896585,83.0189361122,470.731104651,82.7290531844,469.385914134,82.4403604731,470.23372206,82.6186908285,470.899078117,14.5,317
483.930139721,83.4315778689,479.338185347,83.7035630964,474.273792094,83.4389635744,471.584896585,83.0189361122,470.731104651,82.7290531844,469.385914134,82.4403604731,470.23372206,82.6186908285,470.899078117,82.7417010816,471.650770713,15.0,317
479.338185347,83.7035630964,474.273792094,83.4389635744,471.584896585,83.0189361122,470.731104651,82.7290531844,469.385914134,82.4403604731,470.23372206,82.6186908285,470.899078117,82.7417010816,471.650770713,83.6296311873,472.747193753,15.5,317
474.273792094,83.4389635744,471.584896585,83.0189361122,470.731104651,82.7290531844,469.385914134,82.4403604731,470.23372206,82.6186908285,470.899078117,82.7417010816,471.650770713,83.6296311873,472.747193753,84.6283321471,474.934204161,16.0,317
471.584896585,83.0189361122,470.731104651,82.7290531844,469.385914134,82.4403604731,470.23372206,82.6186908285,470.899078117,82.7417010816,471.650770713,83.6296311873,472.747193753,84.6283321471,474.934204161,85.25338507,460.87254902,16.5,317
470.731104651,82.7290531844,469.385914134,82.4403604731,470.23372206,82.6186908285,470.899078117,82.7417010816,471.650770713,83.6296311873,472.747193753,84.6283321471,474.934204161,85.25338507,460.87254902,78.5247449199,471.228148148,17.0,317
469.385914134,82.4403604731,470.23372206,82.6186908285,470.899078117,82.7417010816,471.650770713,83.6296311873,472.747193753,84.6283321471,474.934204161,85.25338507,460.87254902,78.5247449199,471.228148148,82.9766718171,476.617096611,17.5,317
470.23372206,82.6186908285,470.899078117,82.7417010816,471.650770713,83.6296311873,472.747193753,84.6283321471,474.934204161,85.25338507,460.87254902,78.5247449199,471.228148148,82.9766718171,476.617096611,85.1912100753,479.340943683,18.0,317
470.899078117,82.7417010816,471.650770713,83.6296311873,472.747193753,84.6283321471,474.934204161,85.25338507,460.87254902,78.5247449199,471.228148148,82.9766718171,476.617096611,85.1912100753,479.340943683,86.4119712388,482.457506361,18.5,317
471.650770713,83.6296311873,472.747193753,84.6283321471,474.934204161,85.25338507,460.87254902,78.5247449199,471.228148148,82.9766718171,476.617096611,85.1912100753,479.340943683,86.4119712388,482.457506361,87.3664774355,483.726656991,19.0,317
472.747193753,84.6283321471,474.934204161,85.25338507,460.87254902,78.5247449199,471.228148148,82.9766718171,476.617096611,85.1912100753,479.340943683,86.4119712388,482.457506361,87.3664774355,483.726656991,88.1801310422,484.87888707,19.5,317
474.934204161,85.25338507,460.87254902,78.5247449199,471.228148148,82.9766718171,476.617096611,85.1912100753,479.340943683,86.4119712388,482.457506361,87.3664774355,483.726656991,88.1801310422,484.87888707,88.5904348211,485.729098806,20.0,317
460.87254902,78.5247449199,471.228148148,82.9766718171,476.617096611,85.1912100753,479.340943683,86.4119712388,482.457506361,87.3664774355,483.726656991,88.1801310422,484.87888707,88.5904348211,485.729098806,88.9988207309,486.495481127,20.5,317
471.228148148,82.9766718171,476.617096611,85.1912100753,479.340943683,86.4119712388,482.457506361,87.3664774355,483.726656991,88.1801310422,484.87888707,88.5904348211,485.729098806,88.9988207309,486.495481127,89.4200068462,487.175956284,21.0,317
476.617096611,85.1912100753,479.340943683,86.4119712388,482.457506361,87.3664774355,483.726656991,88.1801310422,484.87888707,88.5904348211,485.729098806,88.9988207309,486.495481127,89.4200068462,487.175956284,89.8339870726,487.862088219,21.5,317
479.340943683,86.4119712388,482.457506361,87.3664774355,483.726656991,88.1801310422,484.87888707,88.5904348211,485.729098806,88.9988207309,486.495481127,89.4200068462,487.175956284,89.8339870726,487.862088219,90.0100849505,489.060496068,22.0,317
482.457506361,87.3664774355,483.726656991,88.1801310422,484.87888707,88.5904348211,485.729098806,88.9988207309,486.495481127,89.4200068462,487.175956284,89.8339870726,487.862088219,90.0100849505,489.060496068,89.8890338516,489.931071621,22.5,317
483.726656991,88.1801310422,484.87888707,88.5904348211,485.729098806,88.9988207309,486.495481127,89.4200068462,487.175956284,89.8339870726,487.862088219,90.0100849505,489.060496068,89.8890338516,489.931071621,90.0514975021,490.090909091,23.0,317
484.87888707,88.5904348211,485.729098806,88.9988207309,486.495481127,89.4200068462,487.175956284,89.8339870726,487.862088219,90.0100849505,489.060496068,89.8890338516,489.931071621,90.0514975021,490.090909091,90.3899592196,490.962777778,23.5,317
485.729098806,88.9988207309,486.495481127,89.4200068462,487.175956284,89.8339870726,487.862088219,90.0100849505,489.060496068,89.8890338516,489.931071621,90.0514975021,490.090909091,90.3899592196,490.962777778,90.4710071627,491.643511039,0.0,318
486.495481127,89.4200068462,487.175956284,89.8339870726,487.862088219,90.0100849505,489.060496068,89.8890338516,489.931071621,90.0514975021,490.090909091,90.3899592196,490.962777778,90.4710071627,491.643511039,90.6393760276,492.453116531,0.5,318
487.175956284,89.8339870726,487.862088219,90.0100849505,489.060496068,89.8890338516,489.931071621,90.0514975021,490.090909091,90.3899592196,490.962777778,90.4710071627,491.643511039,90.6393760276,492.453116531,90.8429738587,493.00375134,1.0,318
487.862088219,90.0100849505,489.060496068,89.8890338516,489.931071621,90.0514975021,490.090909091,90.3899592196,490.962777778,90.4710071627,491.643511039,90.6393760276,492.453116531,90.8429738587,493.00375134,91.0014291069,493.969055375,1.5,318
489.060496068,89.8890338516,489.931071621,90.0514975021,490.090909091,90.3899592196,490.962777778,90.4710071627,491.643511039,90.6393760276,492.453116531,90.8429738587,493.00375134,91.0014291069,493.969055375,91.0388810795,493.687603306,2.0,318
489.931071621,90.0514975021,490.090909091,90.3899592196,490.962777778,90.4710071627,491.643511039,90.6393760276,492.453116531,90.8429738587,493.00375134,91.0014291069,493.969055375,91.0388810795,493.687603306,91.4066317453,494.594666667,2.5,318
490.090909091,90.3899592196,490.962777778,90.4710071627,491.643511039,90.6393760276,492.453116531,90.8429738587,493.00375134,91.0014291069,493.969055375,91.0388810795,493.687603306,91.4066317453,494.594666667,91.6386800336,495.106036745,3.0,318
490.962777778,90.4710071627,491.643511039,90.6393760276,492.453116531,90.8429738587,493.00375134,91.0014291069,493.969055375,91.0388810795,493.687603306,91.4066317453,494.594666667,91.6386800336,495.106036745,91.9252659839,496.314255432,3.5,318
491.643511039,90.6393760276,492.453116531,90.8429738587,493.00375134,91.0014291069,493.969055375,91.0388810795,493.687603306,91.4066317453,494.594666667,91.6386800336,495.106036745,91.9252659839,496.314255432,92.1604001509,497.550882658,4.0,318
492.453116531,90.8429738587,493.00375134,91.0014291069,493.969055375,91.0388810795,493.687603306,91.4066317453,494.594666667,91.6386800336,495.106036745,91.9252659839,496.314255432,92.1604001509,497.550882658,92.5232926399,499.785115304,4.5,318
493.00375134,91.0014291069,493.969055375,91.0388810795,493.687603306,91.4066317453,494.594666667,91.6386800336,495.106036745,91.9252659839,496.314255432,92.1604001509,497.550882658,92.5232926399,499.785115304,92.9897542864,502.127371274,5.0,318
493.969055375,91.0388810795,493.687603306,91.4066317453,494.594666667,91.6386800336,495.106036745,91.9252659839,496.314255432,92.1604001509,497.550882658,92.5232926399,499.785115304,92.9897542864,502.127371274,93.6589415265,503.78778135,5.5,318
493.687603306,91.4066317453,494.594666667,91.6386800336,495.106036745,91.9252659839,496.314255432,92.1604001509,497.550882658,92.5232926399,499.785115304,92.9897542864,502.127371274,93.6589415265,503.78778135,93.8623240875,506.279419388,6.0,318
494.594666667,91.6386800336,495.106036745,91.9252659839,496.314255432,92.1604001509,497.550882658,92.5232926399,499.785115304,92.9897542864,502.127371274,93.6589415265,503.78778135,93.8623240875,506.279419388,95.0919638488,508.248050682,6.5,318
495.106036745,91.9252659839,496.314255432,92.1604001509,497.550882658,92.5232926399,499.785115304,92.9897542864,502.127371274,93.6589415265,503.78778135,93.8623240875,506.279419388,95.0919638488,508.248050682,95.8829776417,508.333833083,7.0,318
496.314255432,92.1604001509,497.550882658,92.5232926399,499.785115304,92.9897542864,502.127371274,93.6589415265,503.78778135,93.8623240875,506.279419388,95.0919638488,508.248050682,95.8829776417,508.333833083,95.3650813735,510.028070175,7.5,318
497.550882658,92.5232926399,499.785115304,92.9897542864,502.127371274,93.6589415265,503.78778135,93.8623240875,506.279419388,95.0919638488,508.248050682,95.8829776417,508.333833083,95.3650813735,510.028070175,96.0758610739,509.460873984,8.0,318
499.785115304,92.9897542864,502.127371274,93.6589415265,503.78778135,93.8623240875,506.279419388,95.0919638488,508.248050682,95.8829776417,508.333833083,95.3650813735,510.028070175,96.0758610739,509.460873984,95.8693357626,508.394527363,8.5,318
502.127371274,93.6589415265,503.78778135,93.8623240875,506.279419388,95.0919638488,508.248050682,95.8829776417,508.333833083,95.3650813735,510.028070175,96.0758610739,509.460873984,95.8693357626,508.394527363,94.9727918775,507.759506173,9.0,318
503.78778135,93.8623240875,506.279419388,95.0919638488,508.248050682,95.8829776417,508.333833083,95.3650813735,510.028070175,96.0758610739,509.460873984,95.8693357626,508.394527363,94.9727918775,507.759506173,94.2337480178,507.361481481,9.5,318
506.279419388,95.0919638488,508.248050682,95.8829776417,508.333833083,95.3650813735,510.028070175,96.0758610739,509.460873984,95.8693357626,508.394527363,94.9727918775,507.759506173,94.2337480178,507.361481481,93.9024421513,505.976190476,10.0,318
508.248050682,95.8829776417,508.333833083,95.3650813735,510.028070175,96.0758610739,509.460873984,95.8693357626,508.394527363,94.9727918775,507.759506173,94.2337480178,507.361481481,93.9024421513,505.976190476,93.2902825156,504.699259259,10.5,318
508.333833083,95.3650813735,510.028070175,96.0758610739,509.460873984,95.8693357626,508.394527363,94.9727918775,507.759506173,94.2337480178,507.361481481,93.9024421513,505.976190476,93.2902825156,504.699259259,93.1751300234,503.101769912,11.0,318
510.028070175,96.0758610739,509.460873984,95.8693357626,508.394527363,94.9727918775,507.759506173,94.2337480178,507.361481481,93.9024421513,505.976190476,93.2902825156,504.699259259,93.1751300234,503.101769912,92.5730885565,497.086764706,11.5,318
509.460873984,95.8693357626,508.394527363,94.9727918775,507.759506173,94.2337480178,507.361481481,93.9024421513,505.976190476,93.2902825156,504.699259259,93.1751300234,503.101769912,92.5730885565,497.086764706,92.2949193087,491.160039273,12.0,318
508.394527363,94.9727918775,507.759506173,94.2337480178,507.361481481,93.9024421513,505.976190476,93.2902825156,504.699259259,93.1751300234,503.101769912,92.5730885565,497.086764706,92.2949193087,491.160039273,92.6904957101,489.290759555,12.5,318
507.759506173,94.2337480178,507.361481481,93.9024421513,505.976190476,93.2902825156,504.699259259,93.1751300234,503.101769912,92.5730885565,497.086764706,92.2949193087,491.160039273,92.6904957101,489.290759555,92.4129412293,487.421104536,13.0,318
507.361481481,93.9024421513,505.976190476,93.2902825156,504.699259259,93.1751300234,503.101769912,92.5730885565,497.086764706,92.2949193087,491.160039273,92.6904957101,489.290759555,92.4129412293,487.421104536,92.2863634649,486.95601173,13.5,318
505.976190476,93.2902825156,504.699259259,93.1751300234,503.101769912,92.5730885565,497.086764706,92.2949193087,491.160039273,92.6904957101,489.290759555,92.4129412293,487.421104536,92.2863634649,486.95601173,91.8855282481,485.974509804,14.0,318
504.699259259,93.1751300234,503.101769912,92.5730885565,497.086764706,92.2949193087,491.160039273,92.6904957101,489.290759555,92.4129412293,487.421104536,92.2863634649,486.95601173,91.8855282481,485.974509804,92.171500677,485.538573508,14.5,318
503.101769912,92.5730885565,497.086764706,92.2949193087,491.160039273,92.6904957101,489.290759555,92.4129412293,487.421104536,92.2863634649,486.95601173,91.8855282481,485.974509804,92.171500677,485.538573508,91.9040560537,485.765251342,15.0,318
497.086764706,92.2949193087,491.160039273,92.6904957101,489.290759555,92.4129412293,487.421104536,92.2863634649,486.95601173,91.8855282481,485.974509804,92.171500677,485.538573508,91.9040560537,485.765251342,92.1493799137,487.734299517,15.5,318
491.160039273,92.6904957101,489.290759555,92.4129412293,487.421104536,92.2863634649,486.95601173,91.8855282481,485.974509804,92.171500677,485.538573508,91.9040560537,485.765251342,92.1493799137,487.734299517,92.2605647904,489.195620438,16.0,318
489.290759555,92.4129412293,487.421104536,92.2863634649,486.95601173,91.8855282481,485.974509804,92.171500677,485.538573508,91.9040560537,485.765251342,92.1493799137,487.734299517,92.2605647904,489.195620438,94.5926406649,495.016152717,16.5,318
487.421104536,92.2863634649,486.95601173,91.8855282481,485.974509804,92.171500677,485.538573508,91.9040560537,485.765251342,92.1493799137,487.734299517,92.2605647904,489.195620438,94.5926406649,495.016152717,101.696564166,494.077110786,17.0,318
486.95601173,91.8855282481,485.974509804,92.171500677,485.538573508,91.9040560537,485.765251342,92.1493799137,487.734299517,92.2605647904,489.195620438,94.5926406649,495.016152717,101.696564166,494.077110786,101.74474781,494.764503441,17.5,318
485.974509804,92.171500677,485.538573508,91.9040560537,485.765251342,92.1493799137,487.734299517,92.2605647904,489.195620438,94.5926406649,495.016152717,101.696564166,494.077110786,101.74474781,494.764503441,102.783607884,493.45802651,18.0,318
485.538573508,91.9040560537,485.765251342,92.1493799137,487.734299517,92.2605647904,489.195620438,94.5926406649,495.016152717,101.696564166,494.077110786,101.74474781,494.764503441,102.783607884,493.45802651,100.55794506,496.916295196,18.5,318
485.765251342,92.1493799137,487.734299517,92.2605647904,489.195620438,94.5926406649,495.016152717,101.696564166,494.077110786,101.74474781,494.764503441,102.783607884,493.45802651,100.55794506,496.916295196,102.761899865,499.062930187,19.0,318
487.734299517,92.2605647904,489.195620438,94.5926406649,495.016152717,101.696564166,494.077110786,101.74474781,494.764503441,102.783607884,493.45802651,100.55794506,496.916295196,102.761899865,499.062930187,103.978011526,498.927803379,19.5,318
489.195620438,94.5926406649,495.016152717,101.696564166,494.077110786,101.74474781,494.764503441,102.783607884,493.45802651,100.55794506,496.916295196,102.761899865,499.062930187,103.978011526,498.927803379,103.076648428,498.650393701,20.0,318
495.016152717,101.696564166,494.077110786,101.74474781,494.764503441,102.783607884,493.45802651,100.55794506,496.916295196,102.761899865,499.062930187,103.978011526,498.927803379,103.076648428,498.650393701,102.097351689,500.141666667,20.5,318
494.077110786,101.74474781,494.764503441,102.783607884,493.45802651,100.55794506,496.916295196,102.761899865,499.062930187,103.978011526,498.927803379,103.076648428,498.650393701,102.097351689,500.141666667,102.949234687,501.036344756,21.0,318
494.764503441,102.783607884,493.45802651,100.55794506,496.916295196,102.761899865,499.062930187,103.978011526,498.927803379,103.076648428,498.650393701,102.097351689,500.141666667,102.949234687,501.036344756,103.217073395,503.09100364,21.5,318
493.45802651,100.55794506,496.916295196,102.761899865,499.062930187,103.978011526,498.927803379,103.076648428,498.650393701,102.097351689,500.141666667,102.949234687,501.036344756,103.217073395,503.09100364,103.826275921,504.113227513,22.0,318
496.916295196,102.761899865,499.062930187,103.978011526,498.927803379,103.076648428,498.650393701,102.097351689,500.141666667,102.949234687,501.036344756,103.217073395,503.09100364,103.826275921,504.113227513,104.225293051,505.00755287,22.5,318
499.062930187,103.978011526,498.927803379,103.076648428,498.650393701,102.097351689,500.141666667,102.949234687,501.036344756,103.217073395,503.09100364,103.826275921,504.113227513,104.225293051,505.00755287,104.537837266,505.815625,23.0,318
498.927803379,103.076648428,498.650393701,102.097351689,500.141666667,102.949234687,501.036344756,103.217073395,503.09100364,103.826275921,504.113227513,104.225293051,505.00755287,104.537837266,505.815625,104.439273308,506.529780564,23.5,318
498.650393701,102.097351689,500.141666667,102.949234687,501.036344756,103.217073395,503.09100364,103.826275921,504.113227513,104.225293051,505.00755287,104.537837266,505.815625,104.439273308,506.529780564,103.99012939,506.671428571,0.0,319
500.141666667,102.949234687,501.036344756,103.217073395,503.09100364,103.826275921,504.113227513,104.225293051,505.00755287,104.537837266,505.815625,104.439273308,506.529780564,103.99012939,506.671428571,104.141383066,507.865053763,0.5,319
501.036344756,103.217073395,503.09100364,103.826275921,504.113227513,104.225293051,505.00755287,104.537837266,505.815625,104.439273308,506.529780564,103.99012939,506.671428571,104.141383066,507.865053763,104.882411814,508.25462963,1.0,319
503.09100364,103.826275921,504.113227513,104.225293051,505.00755287,104.537837266,505.815625,104.439273308,506.529780564,103.99012939,506.671428571,104.141383066,507.865053763,104.882411814,508.25462963,104.426581733,509.900151286,1.5,319
504.113227513,104.225293051,505.00755287,104.537837266,505.815625,104.439273308,506.529780564,103.99012939,506.671428571,104.141383066,507.865053763,104.882411814,508.25462963,104.426581733,509.900151286,105.33405092,511.699326076,2.0,319
505.00755287,104.537837266,505.815625,104.439273308,506.529780564,103.99012939,506.671428571,104.141383066,507.865053763,104.882411814,508.25462963,104.426581733,509.900151286,105.33405092,511.699326076,106.141063498,510.585798817,2.5,319
505.815625,104.439273308,506.529780564,103.99012939,506.671428571,104.141383066,507.865053763,104.882411814,508.25462963,104.426581733,509.900151286,105.33405092,511.699326076,106.141063498,510.585798817,104.111557827,512.969512195,3.0,319
506.529780564,103.99012939,506.671428571,104.141383066,507.865053763,104.882411814,508.25462963,104.426581733,509.900151286,105.33405092,511.699326076,106.141063498,510.585798817,104.111557827,512.969512195,105.34960767,514.992731049,3.5,319
506.671428571,104.141383066,507.865053763,104.882411814,508.25462963,104.426581733,509.900151286,105.33405092,511.699326076,106.141063498,510.585798817,104.111557827,512.969512195,105.34960767,514.992731049,106.199342271,516.416016641,4.0,319
507.865053763,104.882411814,508.25462963,104.426581733,509.900151286,105.33405092,511.699326076,106.141063498,510.585798817,104.111557827,512.969512195,105.34960767,514.992731049,106.199342271,516.416016641,106.495680179,517.8894081,4.5,319
508.25462963,104.426581733,509.900151286,105.33405092,511.699326076,106.141063498,510.585798817,104.111557827,512.969512195,105.34960767,514.992731049,106.199342271,516.416016641,106.495680179,517.8894081,106.821240087,520.335917313,5.0,319
509.900151286,105.33405092,511.699326076,106.141063498,510.585798817,104.111557827,512.969512195,105.34960767,514.992731049,106.199342271,516.416016641,106.495680179,517.8894081,106.821240087,520.335917313,108.164292032,520.3977813,5.5,319
511.699326076,106.141063498,510.585798817,104.111557827,512.969512195,105.34960767,514.992731049,106.199342271,516.416016641,106.495680179,517.8894081,106.821240087,520.335917313,108.164292032,520.3977813,107.368065011,521.838095238,6.0,319
510.585798817,104.111557827,512.969512195,105.34960767,514.992731049,106.199342271,516.416016641,106.495680179,517.8894081,106.821240087,520.335917313,108.164292032,520.3977813,107.368065011,521.838095238,107.92275985,523.183284457,6.5,319
512.969512195,105.34960767,514.992731049,106.199342271,516.416016641,106.495680179,517.8894081,106.821240087,520.335917313,108.164292032,520.3977813,107.368065011,521.838095238,107.92275985,523.183284457,108.633537095,524.307578009,7.0,319
514.992731049,106.199342271,516.416016641,106.495680179,517.8894081,106.821240087,520.335917313,108.164292032,520.3977813,107.368065011,521.838095238,107.92275985,523.183284457,108.633537095,524.307578009,109.369997183,525.664167916,7.5,319
516.416016641,106.495680179,517.8894081,106.821240087,520.335917313,108.164292032,520.3977813,107.368065011,521.838095238,107.92275985,523.183284457,108.633537095,524.307578009,109.369997183,525.664167916,109.92334981,526.006042296,8.0,319
517.8894081,106.821240087,520.335917313,108.164292032,520.3977813,107.368065011,521.838095238,107.92275985,523.183284457,108.633537095,524.307578009,109.369997183,525.664167916,109.92334981,526.006042296,110.137682013,526.63419584,8.5,319
520.335917313,108.164292032,520.3977813,107.368065011,521.838095238,107.92275985,523.183284457,108.633537095,524.307578009,109.369997183,525.664167916,109.92334981,526.006042296,110.137682013,526.63419584,110.479981757,526.580357143,9.0,319
520.3977813,107.368065011,521.838095238,107.92275985,523.183284457,108.633537095,524.307578009,109.369997183,525.664167916,109.92334981,526.006042296,110.137682013,526.63419584,110.479981757,526.580357143,110.236537036,526.295041728,9.5,319
521.838095238,107.92275985,523.183284457,108.633537095,524.307578009,109.369997183,525.664167916,109.92334981,526.006042296,110.137682013,526.63419584,110.479981757,526.580357143,110.236537036,526.295041728,110.143531578,525.245771144,10.0,319
523.183284457,108.633537095,524.307578009,109.369997183,525.664167916,109.92334981,526.006042296,110.137682013,526.63419584,110.479981757,526.580357143,110.236537036,526.295041728,110.143531578,525.245771144,109.823291115,524.699211045,10.5,319
524.307578009,109.369997183,525.664167916,109.92334981,526.006042296,110.137682013,526.63419584,110.479981757,526.580357143,110.236537036,526.295041728,110.143531578,525.245771144,109.823291115,524.699211045,109.898603418,523.266064257,11.0,319
525.664167916,109.92334981,526.006042296,110.137682013,526.63419584,110.479981757,526.580357143,110.236537036,526.295041728,110.143531578,525.245771144,109.823291115,524.699211045,109.898603418,523.266064257,109.571393979,521.611521418,11.5,319
526.006042296,110.137682013,526.63419584,110.479981757,526.580357143,110.236537036,526.295041728,110.143531578,525.245771144,109.823291115,524.699211045,109.898603418,523.266064257,109.571393979,521.611521418,108.768183118,520.913432836,12.0,319
526.63419584,110.479981757,526.580357143,110.236537036,526.295041728,110.143531578,525.245771144,109.823291115,524.699211045,109.898603418,523.266064257,109.571393979,521.611521418,108.768183118,520.913432836,109.07136279,521.264401773,12.5,319
526.580357143,110.236537036,526.295041728,110.143531578,525.245771144,109.823291115,524.699211045,109.898603418,523.266064257,109.571393979,521.611521418,108.768183118,520.913432836,109.07136279,521.264401773,110.04614719,520.505934718,13.0,319
526.295041728,110.143531578,525.245771144,109.823291115,524.699211045,109.898603418,523.266064257,109.571393979,521.611521418,108.768183118,520.913432836,109.07136279,521.264401773,110.04614719,520.505934718,110.142140249,520.579050416,13.5,319
525.245771144,109.823291115,524.699211045,109.898603418,523.266064257,109.571393979,521.611521418,108.768183118,520.913432836,109.07136279,521.264401773,110.04614719,520.505934718,110.142140249,520.579050416,111.35898453,506.467160494,14.0,319
524.699211045,109.898603418,523.266064257,109.571393979,521.611521418,108.768183118,520.913432836,109.07136279,521.264401773,110.04614719,520.505934718,110.142140249,520.579050416,111.35898453,506.467160494,123.45725637,433.952034884,14.5,319
523.266064257,109.571393979,521.611521418,108.768183118,520.913432836,109.07136279,521.264401773,110.04614719,520.505934718,110.142140249,520.579050416,111.35898453,506.467160494,123.45725637,433.952034884,126.0967178,424.379912664,15.0,319
521.611521418,108.768183118,520.913432836,109.07136279,521.264401773,110.04614719,520.505934718,110.142140249,520.579050416,111.35898453,506.467160494,123.45725637,433.952034884,126.0967178,424.379912664,124.861827852,435.636275929,15.5,319
520.913432836,109.07136279,521.264401773,110.04614719,520.505934718,110.142140249,520.579050416,111.35898453,506.467160494,123.45725637,433.952034884,126.0967178,424.379912664,124.861827852,435.636275929,128.884173382,468.410557185,16.0,319
521.264401773,110.04614719,520.505934718,110.142140249,520.579050416,111.35898453,506.467160494,123.45725637,433.952034884,126.0967178,424.379912664,124.861827852,435.636275929,128.884173382,468.410557185,164.445764529,466.874139626,16.5,319
520.505934718,110.142140249,520.579050416,111.35898453,506.467160494,123.45725637,433.952034884,126.0967178,424.379912664,124.861827852,435.636275929,128.884173382,468.410557185,164.445764529,466.874139626,160.122174165,472.800590842,17.0,319
520.579050416,111.35898453,506.467160494,123.45725637,433.952034884,126.0967178,424.379912664,124.861827852,435.636275929,128.884173382,468.410557185,164.445764529,466.874139626,160.122174165,472.800590842,165.682027058,484.110787172,17.5,319
506.467160494,123.45725637,433.952034884,126.0967178,424.379912664,124.861827852,435.636275929,128.884173382,468.410557185,164.445764529,466.874139626,160.122174165,472.800590842,165.682027058,484.110787172,180.748317342,481.812865497,18.0,319
433.952034884,126.0967178,424.379912664,124.861827852,435.636275929,128.884173382,468.410557185,164.445764529,466.874139626,160.122174165,472.800590842,165.682027058,484.110787172,180.748317342,481.812865497,173.579361135,473.016957364,18.5,319
424.379912664,124.861827852,435.636275929,128.884173382,468.410557185,164.445764529,466.874139626,160.122174165,472.800590842,165.682027058,484.110787172,180.748317342,481.812865497,173.579361135,473.016957364,159.180186945,460.658430233,19.0,319
435.636275929,128.884173382,468.410557185,164.445764529,466.874139626,160.122174165,472.800590842,165.682027058,484.110787172,180.748317342,481.812865497,173.579361135,473.016957364,159.180186945,460.658430233,141.95209239,468.145128205,19.5,319
468.410557185,164.445764529,466.874139626,160.122174165,472.800590842,165.682027058,484.110787172,180.748317342,481.812865497,173.579361135,473.016957364,159.180186945,460.658430233,141.95209239,468.145128205,149.367310844,499.079915878,20.0,319
466.874139626,160.122174165,472.800590842,165.682027058,484.110787172,180.748317342,481.812865497,173.579361135,473.016957364,159.180186945,460.658430233,141.95209239,468.145128205,149.367310844,499.079915878,193.617378367,488.221693122,20.5,319
472.800590842,165.682027058,484.110787172,180.748317342,481.812865497,173.579361135,473.016957364,159.180186945,460.658430233,141.95209239,468.145128205,149.367310844,499.079915878,193.617378367,488.221693122,173.865765035,498.02681388,21.0,319
484.110787172,180.748317342,481.812865497,173.579361135,473.016957364,159.180186945,460.658430233,141.95209239,468.145128205,149.367310844,499.079915878,193.617378367,488.221693122,173.865765035,498.02681388,188.013138979,501.418530351,21.5,319
481.812865497,173.579361135,473.016957364,159.180186945,460.658430233,141.95209239,468.145128205,149.367310844,499.079915878,193.617378367,488.221693122,173.865765035,498.02681388,188.013138979,501.418530351,191.544088481,514.25,22.0,319
473.016957364,159.180186945,460.658430233,141.95209239,468.145128205,149.367310844,499.079915878,193.617378367,488.221693122,173.865765035,498.02681388,188.013138979,501.418530351,191.544088481,514.25,213.237651372,505.103049422,22.5,319
460.658430233,141.95209239,468.145128205,149.367310844,499.079915878,193.617378367,488.221693122,173.865765035,498.02681388,188.013138979,501.418530351,191.544088481,514.25,213.237651372,505.103049422,194.985329169,524.648827727,23.0,319
468.145128205,149.367310844,499.079915878,193.617378367,488.221693122,173.865765035,498.02681388,188.013138979,501.418530351,191.544088481,514.25,213.237651372,505.103049422,194.985329169,524.648827727,230.210694333,532.658050619,23.5,319
499.079915878,193.617378367,488.221693122,173.865765035,498.02681388,188.013138979,501.418530351,191.544088481,514.25,213.237651372,505.103049422,194.985329169,524.648827727,230.210694333,532.658050619,244.097264594,512.030454042,0.0,320
488.221693122,173.865765035,498.02681388,188.013138979,501.418530351,191.544088481,514.25,213.237651372,505.103049422,194.985329169,524.648827727,230.210694333,532.658050619,244.097264594,512.030454042,204.680633519,515.461778471,0.5,320
498.02681388,188.013138979,501.418530351,191.544088481,514.25,213.237651372,505.103049422,194.985329169,524.648827727,230.210694333,532.658050619,244.097264594,512.030454042,204.680633519,515.461778471,210.138130154,517.105180534,1.0,320
501.418530351,191.544088481,514.25,213.237651372,505.103049422,194.985329169,524.648827727,230.210694333,532.658050619,244.097264594,512.030454042,204.680633519,515.461778471,210.138130154,517.105180534,212.71388889,504.298273155,1.5,320
514.25,213.237651372,505.103049422,194.985329169,524.648827727,230.210694333,532.658050619,244.097264594,512.030454042,204.680633519,515.461778471,210.138130154,517.105180534,212.71388889,504.298273155,189.563013903,503.046426708,2.0,320
505.103049422,194.985329169,524.648827727,230.210694333,532.658050619,244.097264594,512.030454042,204.680633519,515.461778471,210.138130154,517.105180534,212.71388889,504.298273155,189.563013903,503.046426708,186.707470911,513.905405405,2.5,320
524.648827727,230.210694333,532.658050619,244.097264594,512.030454042,204.680633519,515.461778471,210.138130154,517.105180534,212.71388889,504.298273155,189.563013903,503.046426708,186.707470911,513.905405405,204.489740326,506.105128205,3.0,320
532.658050619,244.097264594,512.030454042,204.680633519,515.461778471,210.138130154,517.105180534,212.71388889,504.298273155,189.563013903,503.046426708,186.707470911,513.905405405,204.489740326,506.105128205,189.69099447,447.963076923,3.5,320
512.030454042,204.680633519,515.461778471,210.138130154,517.105180534,212.71388889,504.298273155,189.563013903,503.046426708,186.707470911,513.905405405,204.489740326,506.105128205,189.69099447,447.963076923,129.080869904,447.900050736,4.0,320
515.461778471,210.138130154,517.105180534,212.71388889,504.298273155,189.563013903,503.046426708,186.707470911,513.905405405,204.489740326,506.105128205,189.69099447,447.963076923,129.080869904,447.900050736,129.40152148,448.361283644,4.5,320
517.105180534,212.71388889,504.298273155,189.563013903,503.046426708,186.707470911,513.905405405,204.489740326,506.105128205,189.69099447,447.963076923,129.080869904,447.900050736,129.40152148,448.361283644,129.689660139,451.32808399,5.0,320
504.298273155,189.563013903,503.046426708,186.707470911,513.905405405,204.489740326,506.105128205,189.69099447,447.963076923,129.080869904,447.900050736,129.40152148,448.361283644,129.689660139,451.32808399,130.570106711,456.680533333,5.5,320
503.046426708,186.707470911,513.905405405,204.489740326,506.105128205,189.69099447,447.963076923,129.080869904,447.900050736,129.40152148,448.361283644,129.689660139,451.32808399,130.570106711,456.680533333,132.209929555,460.854037267,6.0,320
513.905405405,204.489740326,506.105128205,189.69099447,447.963076923,129.080869904,447.900050736,129.40152148,448.361283644,129.689660139,451.32808399,130.570106711,456.680533333,132.209929555,460.854037267,133.730959162,457.027818448,6.5,320
506.105128205,189.69099447,447.963076923,129.080869904,447.900050736,129.40152148,448.361283644,129.689660139,451.32808399,130.570106711,456.680533333,132.209929555,460.854037267,133.730959162,457.027818448,133.383295715,464.163307494,7.0,320
447.963076923,129.080869904,447.900050736,129.40152148,448.361283644,129.689660139,451.32808399,130.570106711,456.680533333,132.209929555,460.854037267,133.730959162,457.027818448,133.383295715,464.163307494,135.461155439,485.845256215,7.5,320
447.900050736,129.40152148,448.361283644,129.689660139,451.32808399,130.570106711,456.680533333,132.209929555,460.854037267,133.730959162,457.027818448,133.383295715,464.163307494,135.461155439,485.845256215,151.883555269,494.783209877,8.0,320
448.361283644,129.689660139,451.32808399,130.570106711,456.680533333,132.209929555,460.854037267,133.730959162,457.027818448,133.383295715,464.163307494,135.461155439,485.845256215,151.883555269,494.783209877,163.144239205,482.9371909,8.5,320
451.32808399,130.570106711,456.680533333,132.209929555,460.854037267,133.730959162,457.027818448,133.383295715,464.163307494,135.461155439,485.845256215,151.883555269,494.783209877,163.144239205,482.9371909,149.692845717,466.894867962,9.0,320
456.680533333,132.209929555,460.854037267,133.730959162,457.027818448,133.383295715,464.163307494,135.461155439,485.845256215,151.883555269,494.783209877,163.144239205,482.9371909,149.692845717,466.894867962,137.505397107,491.528684471,9.5,320
460.854037267,133.730959162,457.027818448,133.383295715,464.163307494,135.461155439,485.845256215,151.883555269,494.783209877,163.144239205,482.9371909,149.692845717,466.894867962,137.505397107,491.528684471,160.230774882,492.799603175,10.0,320
457.027818448,133.383295715,464.163307494,135.461155439,485.845256215,151.883555269,494.783209877,163.144239205,482.9371909,149.692845717,466.894867962,137.505397107,491.528684471,160.230774882,492.799603175,162.659111346,465.806806807,10.5,320
464.163307494,135.461155439,485.845256215,151.883555269,494.783209877,163.144239205,482.9371909,149.692845717,466.894867962,137.505397107,491.528684471,160.230774882,492.799603175,162.659111346,465.806806807,137.648028003,449.245069034,11.0,320
485.845256215,151.883555269,494.783209877,163.144239205,482.9371909,149.692845717,466.894867962,137.505397107,491.528684471,160.230774882,492.799603175,162.659111346,465.806806807,137.648028003,449.245069034,132.920442392,440.743854474,11.5,320
494.783209877,163.144239205,482.9371909,149.692845717,466.894867962,137.505397107,491.528684471,160.230774882,492.799603175,162.659111346,465.806806807,137.648028003,449.245069034,132.920442392,440.743854474,132.1954619,433.985826002,12.0,320
482.9371909,149.692845717,466.894867962,137.505397107,491.528684471,160.230774882,492.799603175,162.659111346,465.806806807,137.648028003,449.245069034,132.920442392,440.743854474,132.1954619,433.985826002,131.386199174,432.565004888,12.5,320
466.894867962,137.505397107,491.528684471,160.230774882,492.799603175,162.659111346,465.806806807,137.648028003,449.245069034,132.920442392,440.743854474,132.1954619,433.985826002,131.386199174,432.565004888,130.123732401,432.679245283,13.0,320
491.528684471,160.230774882,492.799603175,162.659111346,465.806806807,137.648028003,449.245069034,132.920442392,440.743854474,132.1954619,433.985826002,131.386199174,432.565004888,130.123732401,432.679245283,129.474995351,434.044282238,13.5,320
492.799603175,162.659111346,465.806806807,137.648028003,449.245069034,132.920442392,440.743854474,132.1954619,433.985826002,131.386199174,432.565004888,130.123732401,432.679245283,129.474995351,434.044282238,128.622549399,437.161601544,14.0,320
465.806806807,137.648028003,449.245069034,132.920442392,440.743854474,132.1954619,433.985826002,131.386199174,432.565004888,130.123732401,432.679245283,129.474995351,434.044282238,128.622549399,437.161601544,128.533928332,438.687439614,14.5,320
449.245069034,132.920442392,440.743854474,132.1954619,433.985826002,131.386199174,432.565004888,130.123732401,432.679245283,129.474995351,434.044282238,128.622549399,437.161601544,128.533928332,438.687439614,128.323532554,439.083333333,15.0,320
440.743854474,132.1954619,433.985826002,131.386199174,432.565004888,130.123732401,432.679245283,129.474995351,434.044282238,128.622549399,437.161601544,128.533928332,438.687439614,128.323532554,439.083333333,128.525388182,445.532945736,15.5,320
433.985826002,131.386199174,432.565004888,130.123732401,432.679245283,129.474995351,434.044282238,128.622549399,437.161601544,128.533928332,438.687439614,128.323532554,439.083333333,128.525388182,445.532945736,133.045685736,447.378223496,16.0,320
432.565004888,130.123732401,432.679245283,129.474995351,434.044282238,128.622549399,437.161601544,128.533928332,438.687439614,128.323532554,439.083333333,128.525388182,445.532945736,133.045685736,447.378223496,131.751062814,445.494890511,16.5,320
432.679245283,129.474995351,434.044282238,128.622549399,437.161601544,128.533928332,438.687439614,128.323532554,439.083333333,128.525388182,445.532945736,133.045685736,447.378223496,131.751062814,445.494890511,128.284101777,447.811384467,17.0,320
434.044282238,128.622549399,437.161601544,128.533928332,438.687439614,128.323532554,439.083333333,128.525388182,445.532945736,133.045685736,447.378223496,131.751062814,445.494890511,128.284101777,447.811384467,129.799859796,454.957787482,17.5,320
437.161601544,128.533928332,438.687439614,128.323532554,439.083333333,128.525388182,445.532945736,133.045685736,447.378223496,131.751062814,445.494890511,128.284101777,447.811384467,129.799859796,454.957787482,134.048358138,458.985119048,18.0,320
