start_time,temperature1,temperature2,end_time
2016-11-08 16:30:00,27.4385245902,28.1655737705,2016-11-08 17:00:00
2016-11-08 17:00:00,26.5166953528,27.9442340792,2016-11-08 17:30:00
2016-11-08 17:30:00,26.9538720539,28.802020202,2016-11-08 18:00:00
2016-11-08 18:00:00,27.7112099644,28.5,2016-11-08 18:30:00
2016-11-08 18:30:00,27.864957265,26.7931623932,2016-11-08 19:00:00
2016-11-08 19:00:00,26.1229129663,24.5852575488,2016-11-08 19:30:00
2016-11-08 19:30:00,20.0270718232,19.2931860037,2016-11-08 20:00:00
2016-11-08 20:00:00,18.8495934959,18.2201219512,2016-11-08 20:30:00
2016-11-08 20:30:00,17.8868421053,17.3473684211,2016-11-08 21:00:00
2016-11-08 21:00:00,N/A,N/A,2016-11-08 21:30:00
2016-11-08 21:30:00,N/A,N/A,2016-11-08 22:00:00
2016-11-08 22:00:00,N/A,N/A,2016-11-08 22:30:00
2016-11-08 22:30:00,N/A,N/A,2016-11-08 23:00:00
2016-11-08 23:00:00,N/A,N/A,2016-11-08 23:30:00
2016-11-08 23:30:00,N/A,N/A,2016-11-09 00:00:00
2016-11-09 00:00:00,N/A,N/A,2016-11-09 00:30:00
2016-11-09 00:30:00,N/A,N/A,2016-11-09 01:00:00
2016-11-09 01:00:00,N/A,N/A,2016-11-09 01:30:00
2016-11-09 01:30:00,N/A,N/A,2016-11-09 02:00:00
2016-11-09 02:00:00,N/A,N/A,2016-11-09 02:30:00
2016-11-09 02:30:00,N/A,N/A,2016-11-09 03:00:00
2016-11-09 03:00:00,N/A,N/A,2016-11-09 03:30:00
2016-11-09 03:30:00,N/A,N/A,2016-11-09 04:00:00
2016-11-09 04:00:00,N/A,N/A,2016-11-09 04:30:00
2016-11-09 04:30:00,N/A,N/A,2016-11-09 05:00:00
2016-11-09 05:00:00,N/A,N/A,2016-11-09 05:30:00
2016-11-09 05:30:00,N/A,N/A,2016-11-09 06:00:00
2016-11-09 06:00:00,N/A,N/A,2016-11-09 06:30:00
2016-11-09 06:30:00,N/A,N/A,2016-11-09 07:00:00
2016-11-09 07:00:00,N/A,N/A,2016-11-09 07:30:00
2016-11-09 07:30:00,N/A,N/A,2016-11-09 08:00:00
2016-11-09 08:00:00,N/A,N/A,2016-11-09 08:30:00
2016-11-09 08:30:00,N/A,N/A,2016-11-09 09:00:00
2016-11-09 09:00:00,N/A,N/A,2016-11-09 09:30:00
2016-11-09 09:30:00,N/A,N/A,2016-11-09 10:00:00
2016-11-09 10:00:00,N/A,N/A,2016-11-09 10:30:00
2016-11-09 10:30:00,N/A,N/A,2016-11-09 11:00:00
2016-11-09 11:00:00,N/A,N/A,2016-11-09 11:30:00
2016-11-09 11:30:00,N/A,N/A,2016-11-09 12:00:00
2016-11-09 12:00:00,N/A,N/A,2016-11-09 12:30:00
2016-11-09 12:30:00,N/A,N/A,2016-11-09 13:00:00
2016-11-09 13:00:00,N/A,N/A,2016-11-09 13:30:00
2016-11-09 13:30:00,N/A,N/A,2016-11-09 14:00:00
2016-11-09 14:00:00,N/A,N/A,2016-11-09 14:30:00
2016-11-09 14:30:00,N/A,N/A,2016-11-09 15:00:00
2016-11-09 15:00:00,N/A,N/A,2016-11-09 15:30:00
2016-11-09 15:30:00,N/A,N/A,2016-11-09 16:00:00
2016-11-09 16:00:00,N/A,N/A,2016-11-09 16:30:00
2016-11-09 16:30:00,N/A,N/A,2016-11-09 17:00:00
2016-11-09 17:00:00,N/A,N/A,2016-11-09 17:30:00
2016-11-09 17:30:00,N/A,N/A,2016-11-09 18:00:00
2016-11-09 18:00:00,N/A,N/A,2016-11-09 18:30:00
2016-11-09 18:30:00,N/A,N/A,2016-11-09 19:00:00
2016-11-09 19:00:00,N/A,N/A,2016-11-09 19:30:00
2016-11-09 19:30:00,N/A,N/A,2016-11-09 20:00:00
2016-11-09 20:00:00,N/A,N/A,2016-11-09 20:30:00
2016-11-09 20:30:00,N/A,N/A,2016-11-09 21:00:00
2016-11-09 21:00:00,N/A,N/A,2016-11-09 21:30:00
2016-11-09 21:30:00,N/A,N/A,2016-11-09 22:00:00
2016-11-09 22:00:00,N/A,N/A,2016-11-09 22:30:00
2016-11-09 22:30:00,N/A,N/A,2016-11-09 23:00:00
2016-11-09 23:00:00,N/A,N/A,2016-11-09 23:30:00
2016-11-09 23:30:00,N/A,N/A,2016-11-10 00:00:00
2016-11-10 00:00:00,N/A,N/A,2016-11-10 00:30:00
2016-11-10 00:30:00,N/A,N/A,2016-11-10 01:00:00
2016-11-10 01:00:00,N/A,N/A,2016-11-10 01:30:00
2016-11-10 01:30:00,N/A,N/A,2016-11-10 02:00:00
2016-11-10 02:00:00,N/A,N/A,2016-11-10 02:30:00
2016-11-10 02:30:00,N/A,N/A,2016-11-10 03:00:00
2016-11-10 03:00:00,N/A,N/A,2016-11-10 03:30:00
2016-11-10 03:30:00,N/A,N/A,2016-11-10 04:00:00
2016-11-10 04:00:00,N/A,N/A,2016-11-10 04:30:00
2016-11-10 04:30:00,N/A,N/A,2016-11-10 05:00:00
2016-11-10 05:00:00,N/A,N/A,2016-11-10 05:30:00
2016-11-10 05:30:00,N/A,N/A,2016-11-10 06:00:00
2016-11-10 06:00:00,N/A,N/A,2016-11-10 06:30:00
2016-11-10 06:30:00,N/A,N/A,2016-11-10 07:00:00
2016-11-10 07:00:00,N/A,N/A,2016-11-10 07:30:00
2016-11-10 07:30:00,N/A,N/A,2016-11-10 08:00:00
2016-11-10 08:00:00,N/A,N/A,2016-11-10 08:30:00
2016-11-10 08:30:00,N/A,N/A,2016-11-10 09:00:00
2016-11-10 09:00:00,N/A,N/A,2016-11-10 09:30:00
2016-11-10 09:30:00,N/A,N/A,2016-11-10 10:00:00
2016-11-10 10:00:00,N/A,N/A,2016-11-10 10:30:00
2016-11-10 10:30:00,N/A,N/A,2016-11-10 11:00:00
2016-11-10 11:00:00,N/A,N/A,2016-11-10 11:30:00
2016-11-10 11:30:00,N/A,N/A,2016-11-10 12:00:00
2016-11-10 12:00:00,N/A,N/A,2016-11-10 12:30:00
2016-11-10 12:30:00,N/A,N/A,2016-11-10 13:00:00
2016-11-10 13:00:00,N/A,N/A,2016-11-10 13:30:00
2016-11-10 13:30:00,N/A,N/A,2016-11-10 14:00:00
2016-11-10 14:00:00,N/A,N/A,2016-11-10 14:30:00
2016-11-10 14:30:00,N/A,N/A,2016-11-10 15:00:00
2016-11-10 15:00:00,N/A,N/A,2016-11-10 15:30:00
2016-11-10 15:30:00,N/A,N/A,2016-11-10 16:00:00
2016-11-10 16:00:00,N/A,N/A,2016-11-10 16:30:00
2016-11-10 16:30:00,N/A,N/A,2016-11-10 17:00:00
2016-11-10 17:00:00,27.2405867971,28.597799511,2016-11-10 17:30:00
2016-11-10 17:30:00,25.8008,26.6308,2016-11-10 18:00:00
2016-11-10 18:00:00,N/A,N/A,2016-11-10 18:30:00
2016-11-10 18:30:00,18.0138297872,17.8845744681,2016-11-10 19:00:00
2016-11-10 19:00:00,17.6631578947,17.9097953216,2016-11-10 19:30:00
2016-11-10 19:30:00,18.6313043478,19.3127536232,2016-11-10 20:00:00
2016-11-10 20:00:00,21.1536796537,21.0683982684,2016-11-10 20:30:00
2016-11-10 20:30:00,20.1029542097,20.5209748892,2016-11-10 21:00:00
2016-11-10 21:00:00,18.5930983847,18.1621145374,2016-11-10 21:30:00
2016-11-10 21:30:00,17.4028315946,17.0317436662,2016-11-10 22:00:00
2016-11-10 22:00:00,16.5097014925,16.2008955224,2016-11-10 22:30:00
2016-11-10 22:30:00,16.0280931587,15.6326055313,2016-11-10 23:00:00
2016-11-10 23:00:00,15.6026354319,15.1014641288,2016-11-10 23:30:00
2016-11-10 23:30:00,14.897869102,14.6194824962,2016-11-11 00:00:00
2016-11-11 00:00:00,14.4157012195,14.2047256098,2016-11-11 00:30:00
2016-11-11 00:30:00,14.2798449612,14.0012403101,2016-11-11 01:00:00
2016-11-11 01:00:00,14.1341945289,13.879331307,2016-11-11 01:30:00
2016-11-11 01:30:00,14.2193113772,13.8561377246,2016-11-11 02:00:00
2016-11-11 02:00:00,14.2466981132,13.8798742138,2016-11-11 02:30:00
2016-11-11 02:30:00,14.1689256198,13.8054545455,2016-11-11 03:00:00
2016-11-11 03:00:00,14.0364085667,13.66276771,2016-11-11 03:30:00
2016-11-11 03:30:00,13.7555205047,13.4738170347,2016-11-11 04:00:00
2016-11-11 04:00:00,13.8559105431,13.4092651757,2016-11-11 04:30:00
2016-11-11 04:30:00,13.7011725293,13.3400335008,2016-11-11 05:00:00
2016-11-11 05:00:00,13.6831699346,13.3326797386,2016-11-11 05:30:00
2016-11-11 05:30:00,13.681875,13.290625,2016-11-11 06:00:00
2016-11-11 06:00:00,13.5735433071,13.194488189,2016-11-11 06:30:00
2016-11-11 06:30:00,13.3883797054,13.0918166939,2016-11-11 07:00:00
2016-11-11 07:00:00,13.2817460317,12.9712698413,2016-11-11 07:30:00
2016-11-11 07:30:00,13.4045826514,12.9631751227,2016-11-11 08:00:00
2016-11-11 08:00:00,13.3392,12.97856,2016-11-11 08:30:00
2016-11-11 08:30:00,13.1452922078,12.8720779221,2016-11-11 09:00:00
2016-11-11 09:00:00,13.1858044164,12.8522082019,2016-11-11 09:30:00
2016-11-11 09:30:00,13.1799079755,12.8878834356,2016-11-11 10:00:00
2016-11-11 10:00:00,13.1345201238,12.8308049536,2016-11-11 10:30:00
2016-11-11 10:30:00,12.9374449339,12.6107195301,2016-11-11 11:00:00
2016-11-11 11:00:00,12.7695324284,12.5174962293,2016-11-11 11:30:00
2016-11-11 11:30:00,12.9868501529,12.922324159,2016-11-11 12:00:00
2016-11-11 12:00:00,13.6818181818,13.7589393939,2016-11-11 12:30:00
2016-11-11 12:30:00,14.7109118087,14.7741405082,2016-11-11 13:00:00
2016-11-11 13:00:00,15.3559471366,15.6287812041,2016-11-11 13:30:00
2016-11-11 13:30:00,16.4491827637,16.9429420505,2016-11-11 14:00:00
2016-11-11 14:00:00,17.3987969925,18.1691729323,2016-11-11 14:30:00
2016-11-11 14:30:00,18.675257732,19.8880706922,2016-11-11 15:00:00
2016-11-11 15:00:00,20.9136826783,23.3075691412,2016-11-11 15:30:00
2016-11-11 15:30:00,24.8128129602,27.3653902798,2016-11-11 16:00:00
2016-11-11 16:00:00,23.0055474453,23.6026277372,2016-11-11 16:30:00
2016-11-11 16:30:00,19.668128655,20.4476608187,2016-11-11 17:00:00
2016-11-11 17:00:00,16.5310089021,16.9117210682,2016-11-11 17:30:00
2016-11-11 17:30:00,15.4702222222,15.7183703704,2016-11-11 18:00:00
2016-11-11 18:00:00,15.663250366,16.2494875549,2016-11-11 18:30:00
2016-11-11 18:30:00,16.1410794603,16.3835082459,2016-11-11 19:00:00
2016-11-11 19:00:00,16.0696107784,15.880988024,2016-11-11 19:30:00
2016-11-11 19:30:00,15.0697014925,15.3107462687,2016-11-11 20:00:00
2016-11-11 20:00:00,14.7248895434,15.0217967599,2016-11-11 20:30:00
2016-11-11 20:30:00,15.3558208955,15.7794029851,2016-11-11 21:00:00
2016-11-11 21:00:00,15.4860606061,15.4324242424,2016-11-11 21:30:00
2016-11-11 21:30:00,15.9771084337,15.4540662651,2016-11-11 22:00:00
2016-11-11 22:00:00,15.7576923077,15.4822485207,2016-11-11 22:30:00
2016-11-11 22:30:00,15.2309037901,14.8037900875,2016-11-11 23:00:00
2016-11-11 23:00:00,14.6506686478,14.2260029718,2016-11-11 23:30:00
2016-11-11 23:30:00,14.4287022901,13.8661068702,2016-11-12 00:00:00
2016-11-12 00:00:00,14.1088646967,13.7116640747,2016-11-12 00:30:00
2016-11-12 00:30:00,13.6241653418,13.3112877583,2016-11-12 01:00:00
2016-11-12 01:00:00,13.41829653,13.1208201893,2016-11-12 01:30:00
2016-11-12 01:30:00,13.1355960265,12.8960264901,2016-11-12 02:00:00
2016-11-12 02:00:00,13.1538317757,12.9011214953,2016-11-12 02:30:00
2016-11-12 02:30:00,13.2724786325,12.9625641026,2016-11-12 03:00:00
2016-11-12 03:00:00,13.0939837398,12.8011382114,2016-11-12 03:30:00
2016-11-12 03:30:00,12.9063694268,12.6256369427,2016-11-12 04:00:00
2016-11-12 04:00:00,12.8819488818,12.595686901,2016-11-12 04:30:00
2016-11-12 04:30:00,12.8976525822,12.6280125196,2016-11-12 05:00:00
2016-11-12 05:00:00,12.8527692308,12.5486153846,2016-11-12 05:30:00
2016-11-12 05:30:00,12.5723370429,12.3314785374,2016-11-12 06:00:00
2016-11-12 06:00:00,12.4887096774,12.2124193548,2016-11-12 06:30:00
2016-11-12 06:30:00,12.4086148649,12.1219594595,2016-11-12 07:00:00
2016-11-12 07:00:00,12.34656,12.05232,2016-11-12 07:30:00
2016-11-12 07:30:00,12.2738175676,12.0035472973,2016-11-12 08:00:00
2016-11-12 08:00:00,12.1226890756,11.8524369748,2016-11-12 08:30:00
2016-11-12 08:30:00,12.1441127695,11.8298507463,2016-11-12 09:00:00
2016-11-12 09:00:00,11.8636672326,11.5473684211,2016-11-12 09:30:00
2016-11-12 09:30:00,12.0284263959,11.7280879865,2016-11-12 10:00:00
2016-11-12 10:00:00,12.0356907895,11.7879934211,2016-11-12 10:30:00
2016-11-12 10:30:00,12.0294117647,11.7411764706,2016-11-12 11:00:00
2016-11-12 11:00:00,12.0103503185,11.6800955414,2016-11-12 11:30:00
2016-11-12 11:30:00,12.4279032258,12.365483871,2016-11-12 12:00:00
2016-11-12 12:00:00,13.6961656442,14.0213190184,2016-11-12 12:30:00
2016-11-12 12:30:00,14.499086758,14.5357686454,2016-11-12 13:00:00
2016-11-12 13:00:00,15.2590361446,15.3034638554,2016-11-12 13:30:00
2016-11-12 13:30:00,16.4412844037,16.9417431193,2016-11-12 14:00:00
2016-11-12 14:00:00,16.6913875598,16.9531100478,2016-11-12 14:30:00
2016-11-12 14:30:00,18.1657320872,19.0945482866,2016-11-12 15:00:00
2016-11-12 15:00:00,20.9130239521,23.7432634731,2016-11-12 15:30:00
2016-11-12 15:30:00,22.9682678311,25.7058224163,2016-11-12 16:00:00
2016-11-12 16:00:00,24.665885798,25.9510980966,2016-11-12 16:30:00
2016-11-12 16:30:00,24.6688311688,26.2542568543,2016-11-12 17:00:00
2016-11-12 17:00:00,26.5818313953,27.7168604651,2016-11-12 17:30:00
2016-11-12 17:30:00,27.3486251809,28.0215629522,2016-11-12 18:00:00
2016-11-12 18:00:00,25.4293002915,25.0721574344,2016-11-12 18:30:00
2016-11-12 18:30:00,24.514992722,24.1136826783,2016-11-12 19:00:00
2016-11-12 19:00:00,21.0319364162,20.6547687861,2016-11-12 19:30:00
2016-11-12 19:30:00,19.9221083455,19.5499267936,2016-11-12 20:00:00
2016-11-12 20:00:00,17.5178519594,17.388969521,2016-11-12 20:30:00
2016-11-12 20:30:00,13.9924148607,14.0137770898,2016-11-12 21:00:00
2016-11-12 21:00:00,14.5155555556,14.6268148148,2016-11-12 21:30:00
2016-11-12 21:30:00,14.6693474962,14.6842185129,2016-11-12 22:00:00
2016-11-12 22:00:00,15.098325723,14.90304414,2016-11-12 22:30:00
2016-11-12 22:30:00,14.2705343511,14.0653435115,2016-11-12 23:00:00
2016-11-12 23:00:00,14.0114658926,13.7050798258,2016-11-12 23:30:00
2016-11-12 23:30:00,13.9080196399,13.5801963993,2016-11-13 00:00:00
2016-11-13 00:00:00,13.6037459283,13.2845276873,2016-11-13 00:30:00
2016-11-13 00:30:00,13.5889952153,13.2540669856,2016-11-13 01:00:00
2016-11-13 01:00:00,13.7473770492,13.4016393443,2016-11-13 01:30:00
2016-11-13 01:30:00,13.8775544389,13.467001675,2016-11-13 02:00:00
2016-11-13 02:00:00,13.8377495463,13.4152450091,2016-11-13 02:30:00
2016-11-13 02:30:00,13.5662358643,13.1714054927,2016-11-13 03:00:00
2016-11-13 03:00:00,13.4646103896,13.1211038961,2016-11-13 03:30:00
2016-11-13 03:30:00,13.5438333333,13.1805,2016-11-13 04:00:00
2016-11-13 04:00:00,13.5137318255,13.1324717286,2016-11-13 04:30:00
2016-11-13 04:30:00,13.3494308943,12.9930081301,2016-11-13 05:00:00
2016-11-13 05:00:00,13.3554662379,12.984244373,2016-11-13 05:30:00
2016-11-13 05:30:00,13.0117263844,12.6970684039,2016-11-13 06:00:00
2016-11-13 06:00:00,12.6700826446,12.3970247934,2016-11-13 06:30:00
2016-11-13 06:30:00,12.19024,11.91136,2016-11-13 07:00:00
2016-11-13 07:00:00,11.8431496063,11.5251968504,2016-11-13 07:30:00
2016-11-13 07:30:00,11.4252782194,10.9518282989,2016-11-13 08:00:00
2016-11-13 08:00:00,10.7605919003,10.3267912773,2016-11-13 08:30:00
2016-11-13 08:30:00,10.2573899371,9.85298742138,2016-11-13 09:00:00
2016-11-13 09:00:00,9.99528455285,9.59593495935,2016-11-13 09:30:00
2016-11-13 09:30:00,10.0535369775,9.6922829582,2016-11-13 10:00:00
2016-11-13 10:00:00,10.401088647,10.0241057543,2016-11-13 10:30:00
2016-11-13 10:30:00,10.5969298246,10.2153508772,2016-11-13 11:00:00
2016-11-13 11:00:00,10.7152923538,10.2464767616,2016-11-13 11:30:00
2016-11-13 11:30:00,11.3180451128,11.095037594,2016-11-13 12:00:00
2016-11-13 12:00:00,12.574695122,12.1768292683,2016-11-13 12:30:00
2016-11-13 12:30:00,13.2910447761,12.9658208955,2016-11-13 13:00:00
2016-11-13 13:00:00,14.473037037,14.5038518519,2016-11-13 13:30:00
2016-11-13 13:30:00,14.9014814815,14.9066666667,2016-11-13 14:00:00
2016-11-13 14:00:00,15.9819940476,16.1436011905,2016-11-13 14:30:00
2016-11-13 14:30:00,17.044,17.8682962963,2016-11-13 15:00:00
2016-11-13 15:00:00,19.5178466077,22.332300885,2016-11-13 15:30:00
2016-11-13 15:30:00,23.4532352941,26.6492647059,2016-11-13 16:00:00
2016-11-13 16:00:00,22.8889543446,24.7382916053,2016-11-13 16:30:00
2016-11-13 16:30:00,24.7307692308,26.7124818578,2016-11-13 17:00:00
2016-11-13 17:00:00,25.0372781065,26.3670118343,2016-11-13 17:30:00
2016-11-13 17:30:00,26.4521994135,27.7869501466,2016-11-13 18:00:00
2016-11-13 18:00:00,27.5342647059,28.1333823529,2016-11-13 18:30:00
2016-11-13 18:30:00,28.8053857351,28.3132459971,2016-11-13 19:00:00
2016-11-13 19:00:00,27.932942899,26.2282576867,2016-11-13 19:30:00
2016-11-13 19:30:00,29.8575362319,26.4324637681,2016-11-13 20:00:00
2016-11-13 20:00:00,23.4575182482,22.1070072993,2016-11-13 20:30:00
2016-11-13 20:30:00,20.1378854626,19.4829662261,2016-11-13 21:00:00
2016-11-13 21:00:00,18.332942899,17.6102489019,2016-11-13 21:30:00
2016-11-13 21:30:00,17.4544247788,16.8758112094,2016-11-13 22:00:00
2016-11-13 22:00:00,16.8281296024,16.2955817378,2016-11-13 22:30:00
2016-11-13 22:30:00,16.3695393759,15.8145616642,2016-11-13 23:00:00
2016-11-13 23:00:00,15.8911504425,15.3597345133,2016-11-13 23:30:00
2016-11-13 23:30:00,15.6139784946,15.0978494624,2016-11-14 00:00:00
2016-11-14 00:00:00,15.322992126,14.8373228346,2016-11-14 00:30:00
2016-11-14 00:30:00,15.058125,14.69703125,2016-11-14 01:00:00
2016-11-14 01:00:00,15.0169781931,14.5760124611,2016-11-14 01:30:00
2016-11-14 01:30:00,14.7439937598,14.1940717629,2016-11-14 02:00:00
2016-11-14 02:00:00,14.2677777778,13.8544444444,2016-11-14 02:30:00
2016-11-14 02:30:00,14.2200906344,13.8425981873,2016-11-14 03:00:00
2016-11-14 03:00:00,13.97484375,13.58375,2016-11-14 03:30:00
2016-11-14 03:30:00,13.8678683386,13.5194357367,2016-11-14 04:00:00
2016-11-14 04:00:00,13.4114285714,12.9877777778,2016-11-14 04:30:00
2016-11-14 04:30:00,13.4337096774,13.0964516129,2016-11-14 05:00:00
2016-11-14 05:00:00,13.3404320988,13.0072530864,2016-11-14 05:30:00
2016-11-14 05:30:00,12.5246596067,12.1075642965,2016-11-14 06:00:00
2016-11-14 06:00:00,11.666407465,11.3794712286,2016-11-14 06:30:00
2016-11-14 06:30:00,11.2442307692,10.7455621302,2016-11-14 07:00:00
2016-11-14 07:00:00,10.4464939024,9.86006097561,2016-11-14 07:30:00
2016-11-14 07:30:00,10.6144859813,10.2283489097,2016-11-14 08:00:00
2016-11-14 08:00:00,10.875975039,10.5145085803,2016-11-14 08:30:00
2016-11-14 08:30:00,10.7587227414,10.3316199377,2016-11-14 09:00:00
2016-11-14 09:00:00,10.448372093,10.0657364341,2016-11-14 09:30:00
2016-11-14 09:30:00,10.7237717908,10.3503961965,2016-11-14 10:00:00
2016-11-14 10:00:00,10.8453968254,10.423968254,2016-11-14 10:30:00
2016-11-14 10:30:00,10.3211143695,9.75527859238,2016-11-14 11:00:00
2016-11-14 11:00:00,9.76493313522,9.347102526,2016-11-14 11:30:00
2016-11-14 11:30:00,10.1374812594,9.73868065967,2016-11-14 12:00:00
2016-11-14 12:00:00,10.0475830816,9.7750755287,2016-11-14 12:30:00
2016-11-14 12:30:00,10.4582952816,10.2336377473,2016-11-14 13:00:00
2016-11-14 13:00:00,12.1369047619,12.140625,2016-11-14 13:30:00
2016-11-14 13:30:00,13.2251840943,13.4229749632,2016-11-14 14:00:00
2016-11-14 14:00:00,14.3353731343,14.6341791045,2016-11-14 14:30:00
2016-11-14 14:30:00,15.4377218935,15.8075443787,2016-11-14 15:00:00
2016-11-14 15:00:00,16.238253012,16.3236445783,2016-11-14 15:30:00
2016-11-14 15:30:00,16.4283604136,16.2971935007,2016-11-14 16:00:00
2016-11-14 16:00:00,16.3359701493,17.0059701493,2016-11-14 16:30:00
2016-11-14 16:30:00,17.2658788774,17.8691285081,2016-11-14 17:00:00
2016-11-14 17:00:00,18.8264094955,19.4234421365,2016-11-14 17:30:00
2016-11-14 17:30:00,18.6947136564,19.7878120411,2016-11-14 18:00:00
2016-11-14 18:00:00,20.4259259259,21.5180740741,2016-11-14 18:30:00
2016-11-14 18:30:00,21.1861918605,21.9965116279,2016-11-14 19:00:00
2016-11-14 19:00:00,21.3468704512,21.7589519651,2016-11-14 19:30:00
2016-11-14 19:30:00,23.7027496382,22.7657018813,2016-11-14 20:00:00
2016-11-14 20:00:00,22.9252199413,21.3133431085,2016-11-14 20:30:00
2016-11-14 20:30:00,21.41179941,19.8992625369,2016-11-14 21:00:00
2016-11-14 21:00:00,19.6497784343,18.4344165436,2016-11-14 21:30:00
2016-11-14 21:30:00,18.27696793,17.5989795918,2016-11-14 22:00:00
2016-11-14 22:00:00,16.9282163743,16.3823099415,2016-11-14 22:30:00
2016-11-14 22:30:00,16.2290697674,15.4776162791,2016-11-14 23:00:00
2016-11-14 23:00:00,15.3715116279,14.7026162791,2016-11-14 23:30:00
2016-11-14 23:30:00,14.5106153846,13.8644615385,2016-11-15 00:00:00
2016-11-15 00:00:00,13.9697160883,13.3501577287,2016-11-15 00:30:00
2016-11-15 00:30:00,13.6961904762,13.2274603175,2016-11-15 01:00:00
2016-11-15 01:00:00,13.3033123028,12.815615142,2016-11-15 01:30:00
2016-11-15 01:30:00,13.0091054313,12.6186900958,2016-11-15 02:00:00
2016-11-15 02:00:00,13.2030254777,12.7300955414,2016-11-15 02:30:00
2016-11-15 02:30:00,13.0659305994,12.5384858044,2016-11-15 03:00:00
2016-11-15 03:00:00,12.950764526,12.4628440367,2016-11-15 03:30:00
2016-11-15 03:30:00,12.7051696284,12.363812601,2016-11-15 04:00:00
2016-11-15 04:00:00,12.773089701,12.3086378738,2016-11-15 04:30:00
2016-11-15 04:30:00,12.535725429,12.1141965679,2016-11-15 05:00:00
2016-11-15 05:00:00,12.5921507064,12.1497645212,2016-11-15 05:30:00
2016-11-15 05:30:00,12.643956044,12.1271585557,2016-11-15 06:00:00
2016-11-15 06:00:00,12.3787167449,11.9441314554,2016-11-15 06:30:00
2016-11-15 06:30:00,11.9545045045,11.5369369369,2016-11-15 07:00:00
2016-11-15 07:00:00,11.7443076923,11.3535384615,2016-11-15 07:30:00
2016-11-15 07:30:00,11.3290769231,10.9450769231,2016-11-15 08:00:00
2016-11-15 08:00:00,10.8365296804,10.503348554,2016-11-15 08:30:00
2016-11-15 08:30:00,10.8597826087,10.4888198758,2016-11-15 09:00:00
2016-11-15 09:00:00,10.6933858268,10.3240944882,2016-11-15 09:30:00
2016-11-15 09:30:00,9.69024,9.19264,2016-11-15 10:00:00
2016-11-15 10:00:00,8.67034161491,8.31692546584,2016-11-15 10:30:00
2016-11-15 10:30:00,8.06778916545,7.65124450952,2016-11-15 11:00:00
2016-11-15 11:00:00,7.63007751938,7.25674418605,2016-11-15 11:30:00
2016-11-15 11:30:00,7.83302891933,7.56210045662,2016-11-15 12:00:00
2016-11-15 12:00:00,10.2807407407,10.245037037,2016-11-15 12:30:00
2016-11-15 12:30:00,11.9170623145,11.7445103858,2016-11-15 13:00:00
2016-11-15 13:00:00,12.5608370703,12.3986547085,2016-11-15 13:30:00
2016-11-15 13:30:00,13.7170623145,13.8045994065,2016-11-15 14:00:00
2016-11-15 14:00:00,14.9316964286,15.2145833333,2016-11-15 14:30:00
2016-11-15 14:30:00,16.6831831832,17.5771771772,2016-11-15 15:00:00
2016-11-15 15:00:00,19.3979289941,21.6363905325,2016-11-15 15:30:00
2016-11-15 15:30:00,23.203539823,26.0969026549,2016-11-15 16:00:00
2016-11-15 16:00:00,23.8425219941,26.1313782991,2016-11-15 16:30:00
2016-11-15 16:30:00,24.3636363636,26.0781524927,2016-11-15 17:00:00
2016-11-15 17:00:00,25.7075471698,26.9657474601,2016-11-15 17:30:00
2016-11-15 17:30:00,26.6678832117,27.7646715328,2016-11-15 18:00:00
2016-11-15 18:00:00,24.8507959479,25.0736613603,2016-11-15 18:30:00
2016-11-15 18:30:00,26.8115942029,26.2542028986,2016-11-15 19:00:00
2016-11-15 19:00:00,26.2891812865,24.342251462,2016-11-15 19:30:00
2016-11-15 19:30:00,25.369622093,22.9786337209,2016-11-15 20:00:00
2016-11-15 20:00:00,24.6369627507,22.3154727794,2016-11-15 20:30:00
2016-11-15 20:30:00,31.6183941606,24.7140145985,2016-11-15 21:00:00
2016-11-15 21:00:00,29.9752532562,22.375397974,2016-11-15 21:30:00
2016-11-15 21:30:00,21.6441048035,19.0245997089,2016-11-15 22:00:00
2016-11-15 22:00:00,19.4650297619,18.0724702381,2016-11-15 22:30:00
2016-11-15 22:30:00,17.4232352941,16.1348529412,2016-11-15 23:00:00
2016-11-15 23:00:00,15.7974025974,14.998989899,2016-11-15 23:30:00
2016-11-15 23:30:00,14.4603293413,13.7588323353,2016-11-16 00:00:00
2016-11-16 00:00:00,12.4637958533,12.0105263158,2016-11-16 00:30:00
2016-11-16 00:30:00,11.3586314152,10.965940902,2016-11-16 01:00:00
2016-11-16 01:00:00,10.5881987578,10.2322981366,2016-11-16 01:30:00
2016-11-16 01:30:00,9.97887096774,9.59306451613,2016-11-16 02:00:00
2016-11-16 02:00:00,9.96757188498,9.52795527157,2016-11-16 02:30:00
2016-11-16 02:30:00,10.4703642384,10.0718543046,2016-11-16 03:00:00
2016-11-16 03:00:00,11.0540930979,10.6585874799,2016-11-16 03:30:00
2016-11-16 03:30:00,11.4562700965,11.038585209,2016-11-16 04:00:00
2016-11-16 04:00:00,10.9669724771,10.5145259939,2016-11-16 04:30:00
2016-11-16 04:30:00,9.58916030534,9.2293129771,2016-11-16 05:00:00
2016-11-16 05:00:00,8.91889400922,8.4935483871,2016-11-16 05:30:00
2016-11-16 05:30:00,8.65606060606,8.20348484848,2016-11-16 06:00:00
2016-11-16 06:00:00,7.79816513761,7.38318042813,2016-11-16 06:30:00
2016-11-16 06:30:00,7.45157894737,6.9754887218,2016-11-16 07:00:00
2016-11-16 07:00:00,7.64156804734,7.17263313609,2016-11-16 07:30:00
2016-11-16 07:30:00,7.3170694864,6.92703927492,2016-11-16 08:00:00
2016-11-16 08:00:00,7.0206231454,6.61394658754,2016-11-16 08:30:00
2016-11-16 08:30:00,7.33755656109,6.90708898944,2016-11-16 09:00:00
2016-11-16 09:00:00,7.17293233083,6.74616541353,2016-11-16 09:30:00
2016-11-16 09:30:00,6.50193164933,6.13164933135,2016-11-16 10:00:00
2016-11-16 10:00:00,6.0118694362,5.65845697329,2016-11-16 10:30:00
2016-11-16 10:30:00,6.1503617945,5.67756874096,2016-11-16 11:00:00
2016-11-16 11:00:00,5.94279279279,5.58438438438,2016-11-16 11:30:00
2016-11-16 11:30:00,6.74816446402,6.3845814978,2016-11-16 12:00:00
2016-11-16 12:00:00,7.86206896552,7.62383808096,2016-11-16 12:30:00
2016-11-16 12:30:00,9.30295420975,9.28434268833,2016-11-16 13:00:00
2016-11-16 13:00:00,11.048816568,11.0226331361,2016-11-16 13:30:00
2016-11-16 13:30:00,12.7248185776,12.8629898403,2016-11-16 14:00:00
2016-11-16 14:00:00,14.3307692308,14.6991291727,2016-11-16 14:30:00
2016-11-16 14:30:00,16.2011713031,17.0469985359,2016-11-16 15:00:00
2016-11-16 15:00:00,20.238961039,22.538961039,2016-11-16 15:30:00
2016-11-16 15:30:00,23.6040638607,26.3679245283,2016-11-16 16:00:00
2016-11-16 16:00:00,24.7907111756,26.7818577649,2016-11-16 16:30:00
2016-11-16 16:30:00,25.8719941349,27.3153958944,2016-11-16 17:00:00
2016-11-16 17:00:00,26.7853157122,27.9436123348,2016-11-16 17:30:00
2016-11-16 17:30:00,27.9760057471,28.3971264368,2016-11-16 18:00:00
2016-11-16 18:00:00,27.6761280932,28.2989810771,2016-11-16 18:30:00
2016-11-16 18:30:00,29.4877697842,28.6141007194,2016-11-16 19:00:00
2016-11-16 19:00:00,30.4729496403,27.9135251799,2016-11-16 19:30:00
2016-11-16 19:30:00,30.6134393064,26.8312138728,2016-11-16 20:00:00
2016-11-16 20:00:00,28.0935344828,24.2603448276,2016-11-16 20:30:00
2016-11-16 20:30:00,32.5799422799,26.4186147186,2016-11-16 21:00:00
2016-11-16 21:00:00,33.0528653295,26.5007163324,2016-11-16 21:30:00
2016-11-16 21:30:00,31.3344927536,23.8304347826,2016-11-16 22:00:00
2016-11-16 22:00:00,23.2962209302,20.3443313953,2016-11-16 22:30:00
2016-11-16 22:30:00,19.8261261261,18.3531531532,2016-11-16 23:00:00
2016-11-16 23:00:00,N/A,N/A,2016-11-16 23:30:00
2016-11-16 23:30:00,N/A,N/A,2016-11-17 00:00:00
2016-11-17 00:00:00,N/A,N/A,2016-11-17 00:30:00
2016-11-17 00:30:00,N/A,N/A,2016-11-17 01:00:00
2016-11-17 01:00:00,N/A,N/A,2016-11-17 01:30:00
2016-11-17 01:30:00,N/A,N/A,2016-11-17 02:00:00
2016-11-17 02:00:00,N/A,N/A,2016-11-17 02:30:00
2016-11-17 02:30:00,N/A,N/A,2016-11-17 03:00:00
2016-11-17 03:00:00,N/A,N/A,2016-11-17 03:30:00
2016-11-17 03:30:00,N/A,N/A,2016-11-17 04:00:00
2016-11-17 04:00:00,N/A,N/A,2016-11-17 04:30:00
2016-11-17 04:30:00,N/A,N/A,2016-11-17 05:00:00
2016-11-17 05:00:00,N/A,N/A,2016-11-17 05:30:00
2016-11-17 05:30:00,N/A,N/A,2016-11-17 06:00:00
2016-11-17 06:00:00,N/A,N/A,2016-11-17 06:30:00
2016-11-17 06:30:00,N/A,N/A,2016-11-17 07:00:00
2016-11-17 07:00:00,N/A,N/A,2016-11-17 07:30:00
2016-11-17 07:30:00,N/A,N/A,2016-11-17 08:00:00
2016-11-17 08:00:00,N/A,N/A,2016-11-17 08:30:00
2016-11-17 08:30:00,N/A,N/A,2016-11-17 09:00:00
2016-11-17 09:00:00,N/A,N/A,2016-11-17 09:30:00
2016-11-17 09:30:00,N/A,N/A,2016-11-17 10:00:00
2016-11-17 10:00:00,N/A,N/A,2016-11-17 10:30:00
2016-11-17 10:30:00,N/A,N/A,2016-11-17 11:00:00
2016-11-17 11:00:00,N/A,N/A,2016-11-17 11:30:00
2016-11-17 11:30:00,N/A,N/A,2016-11-17 12:00:00
2016-11-17 12:00:00,N/A,N/A,2016-11-17 12:30:00
2016-11-17 12:30:00,N/A,N/A,2016-11-17 13:00:00
2016-11-17 13:00:00,N/A,N/A,2016-11-17 13:30:00
2016-11-17 13:30:00,N/A,N/A,2016-11-17 14:00:00
2016-11-17 14:00:00,N/A,N/A,2016-11-17 14:30:00
2016-11-17 14:30:00,N/A,N/A,2016-11-17 15:00:00
2016-11-17 15:00:00,N/A,N/A,2016-11-17 15:30:00
2016-11-17 15:30:00,N/A,N/A,2016-11-17 16:00:00
2016-11-17 16:00:00,N/A,N/A,2016-11-17 16:30:00
2016-11-17 16:30:00,N/A,N/A,2016-11-17 17:00:00
2016-11-17 17:00:00,N/A,N/A,2016-11-17 17:30:00
2016-11-17 17:30:00,N/A,N/A,2016-11-17 18:00:00
2016-11-17 18:00:00,N/A,N/A,2016-11-17 18:30:00
2016-11-17 18:30:00,N/A,N/A,2016-11-17 19:00:00
2016-11-17 19:00:00,N/A,N/A,2016-11-17 19:30:00
2016-11-17 19:30:00,N/A,N/A,2016-11-17 20:00:00
2016-11-17 20:00:00,N/A,N/A,2016-11-17 20:30:00
2016-11-17 20:30:00,N/A,N/A,2016-11-17 21:00:00
2016-11-17 21:00:00,N/A,N/A,2016-11-17 21:30:00
2016-11-17 21:30:00,N/A,N/A,2016-11-17 22:00:00
2016-11-17 22:00:00,N/A,N/A,2016-11-17 22:30:00
2016-11-17 22:30:00,N/A,N/A,2016-11-17 23:00:00
2016-11-17 23:00:00,N/A,N/A,2016-11-17 23:30:00
2016-11-17 23:30:00,N/A,N/A,2016-11-18 00:00:00
2016-11-18 00:00:00,N/A,N/A,2016-11-18 00:30:00
2016-11-18 00:30:00,N/A,N/A,2016-11-18 01:00:00
2016-11-18 01:00:00,N/A,N/A,2016-11-18 01:30:00
2016-11-18 01:30:00,N/A,N/A,2016-11-18 02:00:00
2016-11-18 02:00:00,N/A,N/A,2016-11-18 02:30:00
2016-11-18 02:30:00,N/A,N/A,2016-11-18 03:00:00
2016-11-18 03:00:00,N/A,N/A,2016-11-18 03:30:00
2016-11-18 03:30:00,N/A,N/A,2016-11-18 04:00:00
2016-11-18 04:00:00,N/A,N/A,2016-11-18 04:30:00
2016-11-18 04:30:00,N/A,N/A,2016-11-18 05:00:00
2016-11-18 05:00:00,N/A,N/A,2016-11-18 05:30:00
2016-11-18 05:30:00,N/A,N/A,2016-11-18 06:00:00
2016-11-18 06:00:00,N/A,N/A,2016-11-18 06:30:00
2016-11-18 06:30:00,N/A,N/A,2016-11-18 07:00:00
2016-11-18 07:00:00,N/A,N/A,2016-11-18 07:30:00
2016-11-18 07:30:00,N/A,N/A,2016-11-18 08:00:00
2016-11-18 08:00:00,N/A,N/A,2016-11-18 08:30:00
2016-11-18 08:30:00,N/A,N/A,2016-11-18 09:00:00
2016-11-18 09:00:00,N/A,N/A,2016-11-18 09:30:00
2016-11-18 09:30:00,N/A,N/A,2016-11-18 10:00:00
2016-11-18 10:00:00,N/A,N/A,2016-11-18 10:30:00
2016-11-18 10:30:00,N/A,N/A,2016-11-18 11:00:00
2016-11-18 11:00:00,N/A,N/A,2016-11-18 11:30:00
2016-11-18 11:30:00,N/A,N/A,2016-11-18 12:00:00
2016-11-18 12:00:00,N/A,N/A,2016-11-18 12:30:00
2016-11-18 12:30:00,N/A,N/A,2016-11-18 13:00:00
2016-11-18 13:00:00,N/A,N/A,2016-11-18 13:30:00
2016-11-18 13:30:00,N/A,N/A,2016-11-18 14:00:00
2016-11-18 14:00:00,N/A,N/A,2016-11-18 14:30:00
2016-11-18 14:30:00,N/A,N/A,2016-11-18 15:00:00
2016-11-18 15:00:00,N/A,N/A,2016-11-18 15:30:00
2016-11-18 15:30:00,N/A,N/A,2016-11-18 16:00:00
2016-11-18 16:00:00,N/A,N/A,2016-11-18 16:30:00
2016-11-18 16:30:00,N/A,N/A,2016-11-18 17:00:00
2016-11-18 17:00:00,26.3931034483,27.8965517241,2016-11-18 17:30:00
2016-11-18 17:30:00,28.4449152542,29.7404661017,2016-11-18 18:00:00
2016-11-18 18:00:00,27.2047258979,27.6238185255,2016-11-18 18:30:00
2016-11-18 18:30:00,27.956527977,27.3883787661,2016-11-18 19:00:00
2016-11-18 19:00:00,25.8833333333,24.3984195402,2016-11-18 19:30:00
2016-11-18 19:30:00,23.3721664275,21.8113342898,2016-11-18 20:00:00
2016-11-18 20:00:00,29.8582369942,25.5369942197,2016-11-18 20:30:00
2016-11-18 20:30:00,27.7426512968,24.236167147,2016-11-18 21:00:00
2016-11-18 21:00:00,20.8908827786,19.6918958032,2016-11-18 21:30:00
2016-11-18 21:30:00,18.7648688047,17.9577259475,2016-11-18 22:00:00
2016-11-18 22:00:00,17.1855685131,16.495335277,2016-11-18 22:30:00
2016-11-18 22:30:00,16.3312590449,15.781186686,2016-11-18 23:00:00
2016-11-18 23:00:00,15.5856321839,15.1900862069,2016-11-18 23:30:00
2016-11-18 23:30:00,15.1674157303,14.7279026217,2016-11-19 00:00:00
2016-11-19 00:00:00,N/A,N/A,2016-11-19 00:30:00
2016-11-19 00:30:00,N/A,N/A,2016-11-19 01:00:00
2016-11-19 01:00:00,N/A,N/A,2016-11-19 01:30:00
2016-11-19 01:30:00,N/A,N/A,2016-11-19 02:00:00
2016-11-19 02:00:00,N/A,N/A,2016-11-19 02:30:00
2016-11-19 02:30:00,N/A,N/A,2016-11-19 03:00:00
2016-11-19 03:00:00,N/A,N/A,2016-11-19 03:30:00
2016-11-19 03:30:00,N/A,N/A,2016-11-19 04:00:00
2016-11-19 04:00:00,N/A,N/A,2016-11-19 04:30:00
2016-11-19 04:30:00,N/A,N/A,2016-11-19 05:00:00
2016-11-19 05:00:00,N/A,N/A,2016-11-19 05:30:00
2016-11-19 05:30:00,N/A,N/A,2016-11-19 06:00:00
2016-11-19 06:00:00,N/A,N/A,2016-11-19 06:30:00
2016-11-19 06:30:00,N/A,N/A,2016-11-19 07:00:00
2016-11-19 07:00:00,N/A,N/A,2016-11-19 07:30:00
2016-11-19 07:30:00,N/A,N/A,2016-11-19 08:00:00
2016-11-19 08:00:00,N/A,N/A,2016-11-19 08:30:00
2016-11-19 08:30:00,N/A,N/A,2016-11-19 09:00:00
2016-11-19 09:00:00,N/A,N/A,2016-11-19 09:30:00
2016-11-19 09:30:00,N/A,N/A,2016-11-19 10:00:00
2016-11-19 10:00:00,N/A,N/A,2016-11-19 10:30:00
2016-11-19 10:30:00,N/A,N/A,2016-11-19 11:00:00
2016-11-19 11:00:00,N/A,N/A,2016-11-19 11:30:00
2016-11-19 11:30:00,N/A,N/A,2016-11-19 12:00:00
2016-11-19 12:00:00,N/A,N/A,2016-11-19 12:30:00
2016-11-19 12:30:00,N/A,N/A,2016-11-19 13:00:00
2016-11-19 13:00:00,N/A,N/A,2016-11-19 13:30:00
2016-11-19 13:30:00,N/A,N/A,2016-11-19 14:00:00
2016-11-19 14:00:00,N/A,N/A,2016-11-19 14:30:00
2016-11-19 14:30:00,N/A,N/A,2016-11-19 15:00:00
2016-11-19 15:00:00,N/A,N/A,2016-11-19 15:30:00
2016-11-19 15:30:00,N/A,N/A,2016-11-19 16:00:00
2016-11-19 16:00:00,N/A,N/A,2016-11-19 16:30:00
2016-11-19 16:30:00,N/A,N/A,2016-11-19 17:00:00
2016-11-19 17:00:00,N/A,N/A,2016-11-19 17:30:00
2016-11-19 17:30:00,N/A,N/A,2016-11-19 18:00:00
2016-11-19 18:00:00,N/A,N/A,2016-11-19 18:30:00
2016-11-19 18:30:00,N/A,N/A,2016-11-19 19:00:00
2016-11-19 19:00:00,N/A,N/A,2016-11-19 19:30:00
2016-11-19 19:30:00,N/A,N/A,2016-11-19 20:00:00
2016-11-19 20:00:00,N/A,N/A,2016-11-19 20:30:00
2016-11-19 20:30:00,N/A,N/A,2016-11-19 21:00:00
2016-11-19 21:00:00,N/A,N/A,2016-11-19 21:30:00
2016-11-19 21:30:00,N/A,N/A,2016-11-19 22:00:00
2016-11-19 22:00:00,N/A,N/A,2016-11-19 22:30:00
2016-11-19 22:30:00,N/A,N/A,2016-11-19 23:00:00
2016-11-19 23:00:00,N/A,N/A,2016-11-19 23:30:00
2016-11-19 23:30:00,N/A,N/A,2016-11-20 00:00:00
2016-11-20 00:00:00,N/A,N/A,2016-11-20 00:30:00
2016-11-20 00:30:00,N/A,N/A,2016-11-20 01:00:00
2016-11-20 01:00:00,N/A,N/A,2016-11-20 01:30:00
2016-11-20 01:30:00,N/A,N/A,2016-11-20 02:00:00
2016-11-20 02:00:00,N/A,N/A,2016-11-20 02:30:00
2016-11-20 02:30:00,N/A,N/A,2016-11-20 03:00:00
2016-11-20 03:00:00,N/A,N/A,2016-11-20 03:30:00
2016-11-20 03:30:00,N/A,N/A,2016-11-20 04:00:00
2016-11-20 04:00:00,N/A,N/A,2016-11-20 04:30:00
2016-11-20 04:30:00,N/A,N/A,2016-11-20 05:00:00
2016-11-20 05:00:00,N/A,N/A,2016-11-20 05:30:00
2016-11-20 05:30:00,N/A,N/A,2016-11-20 06:00:00
2016-11-20 06:00:00,N/A,N/A,2016-11-20 06:30:00
2016-11-20 06:30:00,N/A,N/A,2016-11-20 07:00:00
2016-11-20 07:00:00,N/A,N/A,2016-11-20 07:30:00
2016-11-20 07:30:00,N/A,N/A,2016-11-20 08:00:00
2016-11-20 08:00:00,N/A,N/A,2016-11-20 08:30:00
2016-11-20 08:30:00,N/A,N/A,2016-11-20 09:00:00
2016-11-20 09:00:00,N/A,N/A,2016-11-20 09:30:00
2016-11-20 09:30:00,N/A,N/A,2016-11-20 10:00:00
2016-11-20 10:00:00,N/A,N/A,2016-11-20 10:30:00
2016-11-20 10:30:00,N/A,N/A,2016-11-20 11:00:00
2016-11-20 11:00:00,N/A,N/A,2016-11-20 11:30:00
2016-11-20 11:30:00,N/A,N/A,2016-11-20 12:00:00
2016-11-20 12:00:00,N/A,N/A,2016-11-20 12:30:00
2016-11-20 12:30:00,N/A,N/A,2016-11-20 13:00:00
2016-11-20 13:00:00,N/A,N/A,2016-11-20 13:30:00
2016-11-20 13:30:00,N/A,N/A,2016-11-20 14:00:00
2016-11-20 14:00:00,N/A,N/A,2016-11-20 14:30:00
2016-11-20 14:30:00,N/A,N/A,2016-11-20 15:00:00
2016-11-20 15:00:00,N/A,N/A,2016-11-20 15:30:00
2016-11-20 15:30:00,N/A,N/A,2016-11-20 16:00:00
2016-11-20 16:00:00,N/A,N/A,2016-11-20 16:30:00
2016-11-20 16:30:00,N/A,N/A,2016-11-20 17:00:00
2016-11-20 17:00:00,N/A,N/A,2016-11-20 17:30:00
2016-11-20 17:30:00,N/A,N/A,2016-11-20 18:00:00
2016-11-20 18:00:00,N/A,N/A,2016-11-20 18:30:00
2016-11-20 18:30:00,N/A,N/A,2016-11-20 19:00:00
2016-11-20 19:00:00,N/A,N/A,2016-11-20 19:30:00
2016-11-20 19:30:00,N/A,N/A,2016-11-20 20:00:00
2016-11-20 20:00:00,N/A,N/A,2016-11-20 20:30:00
2016-11-20 20:30:00,N/A,N/A,2016-11-20 21:00:00
2016-11-20 21:00:00,N/A,N/A,2016-11-20 21:30:00
2016-11-20 21:30:00,N/A,N/A,2016-11-20 22:00:00
2016-11-20 22:00:00,N/A,N/A,2016-11-20 22:30:00
2016-11-20 22:30:00,N/A,N/A,2016-11-20 23:00:00
2016-11-20 23:00:00,N/A,N/A,2016-11-20 23:30:00
2016-11-20 23:30:00,N/A,N/A,2016-11-21 00:00:00
2016-11-21 00:00:00,N/A,N/A,2016-11-21 00:30:00
2016-11-21 00:30:00,N/A,N/A,2016-11-21 01:00:00
2016-11-21 01:00:00,N/A,N/A,2016-11-21 01:30:00
2016-11-21 01:30:00,N/A,N/A,2016-11-21 02:00:00
2016-11-21 02:00:00,N/A,N/A,2016-11-21 02:30:00
2016-11-21 02:30:00,N/A,N/A,2016-11-21 03:00:00
2016-11-21 03:00:00,N/A,N/A,2016-11-21 03:30:00
2016-11-21 03:30:00,N/A,N/A,2016-11-21 04:00:00
2016-11-21 04:00:00,N/A,N/A,2016-11-21 04:30:00
2016-11-21 04:30:00,N/A,N/A,2016-11-21 05:00:00
2016-11-21 05:00:00,N/A,N/A,2016-11-21 05:30:00
2016-11-21 05:30:00,N/A,N/A,2016-11-21 06:00:00
2016-11-21 06:00:00,N/A,N/A,2016-11-21 06:30:00
2016-11-21 06:30:00,N/A,N/A,2016-11-21 07:00:00
2016-11-21 07:00:00,N/A,N/A,2016-11-21 07:30:00
2016-11-21 07:30:00,N/A,N/A,2016-11-21 08:00:00
2016-11-21 08:00:00,N/A,N/A,2016-11-21 08:30:00
2016-11-21 08:30:00,N/A,N/A,2016-11-21 09:00:00
2016-11-21 09:00:00,N/A,N/A,2016-11-21 09:30:00
2016-11-21 09:30:00,N/A,N/A,2016-11-21 10:00:00
2016-11-21 10:00:00,N/A,N/A,2016-11-21 10:30:00
2016-11-21 10:30:00,N/A,N/A,2016-11-21 11:00:00
2016-11-21 11:00:00,N/A,N/A,2016-11-21 11:30:00
2016-11-21 11:30:00,N/A,N/A,2016-11-21 12:00:00
2016-11-21 12:00:00,N/A,N/A,2016-11-21 12:30:00
2016-11-21 12:30:00,N/A,N/A,2016-11-21 13:00:00
2016-11-21 13:00:00,N/A,N/A,2016-11-21 13:30:00
2016-11-21 13:30:00,N/A,N/A,2016-11-21 14:00:00
2016-11-21 14:00:00,N/A,N/A,2016-11-21 14:30:00
2016-11-21 14:30:00,N/A,N/A,2016-11-21 15:00:00
2016-11-21 15:00:00,N/A,N/A,2016-11-21 15:30:00
2016-11-21 15:30:00,N/A,N/A,2016-11-21 16:00:00
2016-11-21 16:00:00,N/A,N/A,2016-11-21 16:30:00
2016-11-21 16:30:00,N/A,N/A,2016-11-21 17:00:00
2016-11-21 17:00:00,N/A,N/A,2016-11-21 17:30:00
2016-11-21 17:30:00,N/A,N/A,2016-11-21 18:00:00
2016-11-21 18:00:00,N/A,N/A,2016-11-21 18:30:00
2016-11-21 18:30:00,N/A,N/A,2016-11-21 19:00:00
2016-11-21 19:00:00,N/A,N/A,2016-11-21 19:30:00
2016-11-21 19:30:00,N/A,N/A,2016-11-21 20:00:00
2016-11-21 20:00:00,N/A,N/A,2016-11-21 20:30:00
2016-11-21 20:30:00,N/A,N/A,2016-11-21 21:00:00
2016-11-21 21:00:00,N/A,N/A,2016-11-21 21:30:00
2016-11-21 21:30:00,N/A,N/A,2016-11-21 22:00:00
2016-11-21 22:00:00,N/A,N/A,2016-11-21 22:30:00
2016-11-21 22:30:00,N/A,N/A,2016-11-21 23:00:00
2016-11-21 23:00:00,N/A,N/A,2016-11-21 23:30:00
2016-11-21 23:30:00,N/A,N/A,2016-11-22 00:00:00
2016-11-22 00:00:00,N/A,N/A,2016-11-22 00:30:00
2016-11-22 00:30:00,N/A,N/A,2016-11-22 01:00:00
2016-11-22 01:00:00,N/A,N/A,2016-11-22 01:30:00
2016-11-22 01:30:00,N/A,N/A,2016-11-22 02:00:00
2016-11-22 02:00:00,N/A,N/A,2016-11-22 02:30:00
2016-11-22 02:30:00,N/A,N/A,2016-11-22 03:00:00
2016-11-22 03:00:00,N/A,N/A,2016-11-22 03:30:00
2016-11-22 03:30:00,N/A,N/A,2016-11-22 04:00:00
2016-11-22 04:00:00,N/A,N/A,2016-11-22 04:30:00
2016-11-22 04:30:00,N/A,N/A,2016-11-22 05:00:00
2016-11-22 05:00:00,N/A,N/A,2016-11-22 05:30:00
2016-11-22 05:30:00,N/A,N/A,2016-11-22 06:00:00
2016-11-22 06:00:00,N/A,N/A,2016-11-22 06:30:00
2016-11-22 06:30:00,N/A,N/A,2016-11-22 07:00:00
2016-11-22 07:00:00,N/A,N/A,2016-11-22 07:30:00
2016-11-22 07:30:00,N/A,N/A,2016-11-22 08:00:00
2016-11-22 08:00:00,N/A,N/A,2016-11-22 08:30:00
2016-11-22 08:30:00,N/A,N/A,2016-11-22 09:00:00
2016-11-22 09:00:00,N/A,N/A,2016-11-22 09:30:00
2016-11-22 09:30:00,N/A,N/A,2016-11-22 10:00:00
2016-11-22 10:00:00,N/A,N/A,2016-11-22 10:30:00
2016-11-22 10:30:00,N/A,N/A,2016-11-22 11:00:00
2016-11-22 11:00:00,N/A,N/A,2016-11-22 11:30:00
2016-11-22 11:30:00,N/A,N/A,2016-11-22 12:00:00
2016-11-22 12:00:00,N/A,N/A,2016-11-22 12:30:00
2016-11-22 12:30:00,N/A,N/A,2016-11-22 13:00:00
2016-11-22 13:00:00,N/A,N/A,2016-11-22 13:30:00
2016-11-22 13:30:00,N/A,N/A,2016-11-22 14:00:00
2016-11-22 14:00:00,N/A,N/A,2016-11-22 14:30:00
2016-11-22 14:30:00,N/A,N/A,2016-11-22 15:00:00
2016-11-22 15:00:00,N/A,N/A,2016-11-22 15:30:00
2016-11-22 15:30:00,N/A,N/A,2016-11-22 16:00:00
2016-11-22 16:00:00,N/A,N/A,2016-11-22 16:30:00
2016-11-22 16:30:00,N/A,N/A,2016-11-22 17:00:00
2016-11-22 17:00:00,N/A,N/A,2016-11-22 17:30:00
2016-11-22 17:30:00,N/A,N/A,2016-11-22 18:00:00
2016-11-22 18:00:00,N/A,N/A,2016-11-22 18:30:00
2016-11-22 18:30:00,N/A,N/A,2016-11-22 19:00:00
2016-11-22 19:00:00,N/A,N/A,2016-11-22 19:30:00
2016-11-22 19:30:00,N/A,N/A,2016-11-22 20:00:00
2016-11-22 20:00:00,N/A,N/A,2016-11-22 20:30:00
2016-11-22 20:30:00,N/A,N/A,2016-11-22 21:00:00
2016-11-22 21:00:00,N/A,N/A,2016-11-22 21:30:00
2016-11-22 21:30:00,N/A,N/A,2016-11-22 22:00:00
2016-11-22 22:00:00,N/A,N/A,2016-11-22 22:30:00
2016-11-22 22:30:00,N/A,N/A,2016-11-22 23:00:00
2016-11-22 23:00:00,N/A,N/A,2016-11-22 23:30:00
2016-11-22 23:30:00,N/A,N/A,2016-11-23 00:00:00
2016-11-23 00:00:00,N/A,N/A,2016-11-23 00:30:00
2016-11-23 00:30:00,N/A,N/A,2016-11-23 01:00:00
2016-11-23 01:00:00,N/A,N/A,2016-11-23 01:30:00
2016-11-23 01:30:00,N/A,N/A,2016-11-23 02:00:00
2016-11-23 02:00:00,N/A,N/A,2016-11-23 02:30:00
2016-11-23 02:30:00,N/A,N/A,2016-11-23 03:00:00
2016-11-23 03:00:00,N/A,N/A,2016-11-23 03:30:00
2016-11-23 03:30:00,N/A,N/A,2016-11-23 04:00:00
2016-11-23 04:00:00,N/A,N/A,2016-11-23 04:30:00
2016-11-23 04:30:00,N/A,N/A,2016-11-23 05:00:00
2016-11-23 05:00:00,N/A,N/A,2016-11-23 05:30:00
2016-11-23 05:30:00,N/A,N/A,2016-11-23 06:00:00
2016-11-23 06:00:00,N/A,N/A,2016-11-23 06:30:00
2016-11-23 06:30:00,N/A,N/A,2016-11-23 07:00:00
2016-11-23 07:00:00,N/A,N/A,2016-11-23 07:30:00
2016-11-23 07:30:00,N/A,N/A,2016-11-23 08:00:00
2016-11-23 08:00:00,N/A,N/A,2016-11-23 08:30:00
2016-11-23 08:30:00,N/A,N/A,2016-11-23 09:00:00
2016-11-23 09:00:00,N/A,N/A,2016-11-23 09:30:00
2016-11-23 09:30:00,N/A,N/A,2016-11-23 10:00:00
2016-11-23 10:00:00,N/A,N/A,2016-11-23 10:30:00
2016-11-23 10:30:00,N/A,N/A,2016-11-23 11:00:00
2016-11-23 11:00:00,N/A,N/A,2016-11-23 11:30:00
2016-11-23 11:30:00,N/A,N/A,2016-11-23 12:00:00
2016-11-23 12:00:00,N/A,N/A,2016-11-23 12:30:00
2016-11-23 12:30:00,N/A,N/A,2016-11-23 13:00:00
2016-11-23 13:00:00,N/A,N/A,2016-11-23 13:30:00
2016-11-23 13:30:00,N/A,N/A,2016-11-23 14:00:00
2016-11-23 14:00:00,N/A,N/A,2016-11-23 14:30:00
2016-11-23 14:30:00,N/A,N/A,2016-11-23 15:00:00
2016-11-23 15:00:00,N/A,N/A,2016-11-23 15:30:00
2016-11-23 15:30:00,N/A,N/A,2016-11-23 16:00:00
2016-11-23 16:00:00,N/A,N/A,2016-11-23 16:30:00
2016-11-23 16:30:00,N/A,N/A,2016-11-23 17:00:00
2016-11-23 17:00:00,N/A,N/A,2016-11-23 17:30:00
2016-11-23 17:30:00,N/A,N/A,2016-11-23 18:00:00
2016-11-23 18:00:00,N/A,N/A,2016-11-23 18:30:00
2016-11-23 18:30:00,N/A,N/A,2016-11-23 19:00:00
2016-11-23 19:00:00,N/A,N/A,2016-11-23 19:30:00
2016-11-23 19:30:00,N/A,N/A,2016-11-23 20:00:00
2016-11-23 20:00:00,N/A,N/A,2016-11-23 20:30:00
2016-11-23 20:30:00,N/A,N/A,2016-11-23 21:00:00
2016-11-23 21:00:00,N/A,N/A,2016-11-23 21:30:00
2016-11-23 21:30:00,N/A,N/A,2016-11-23 22:00:00
2016-11-23 22:00:00,N/A,N/A,2016-11-23 22:30:00
2016-11-23 22:30:00,N/A,N/A,2016-11-23 23:00:00
2016-11-23 23:00:00,N/A,N/A,2016-11-23 23:30:00
2016-11-23 23:30:00,N/A,N/A,2016-11-24 00:00:00
2016-11-24 00:00:00,N/A,N/A,2016-11-24 00:30:00
2016-11-24 00:30:00,N/A,N/A,2016-11-24 01:00:00
2016-11-24 01:00:00,N/A,N/A,2016-11-24 01:30:00
2016-11-24 01:30:00,N/A,N/A,2016-11-24 02:00:00
2016-11-24 02:00:00,N/A,N/A,2016-11-24 02:30:00
2016-11-24 02:30:00,N/A,N/A,2016-11-24 03:00:00
2016-11-24 03:00:00,N/A,N/A,2016-11-24 03:30:00
2016-11-24 03:30:00,N/A,N/A,2016-11-24 04:00:00
2016-11-24 04:00:00,N/A,N/A,2016-11-24 04:30:00
2016-11-24 04:30:00,N/A,N/A,2016-11-24 05:00:00
2016-11-24 05:00:00,N/A,N/A,2016-11-24 05:30:00
2016-11-24 05:30:00,N/A,N/A,2016-11-24 06:00:00
2016-11-24 06:00:00,N/A,N/A,2016-11-24 06:30:00
2016-11-24 06:30:00,N/A,N/A,2016-11-24 07:00:00
2016-11-24 07:00:00,N/A,N/A,2016-11-24 07:30:00
2016-11-24 07:30:00,N/A,N/A,2016-11-24 08:00:00
2016-11-24 08:00:00,N/A,N/A,2016-11-24 08:30:00
2016-11-24 08:30:00,N/A,N/A,2016-11-24 09:00:00
2016-11-24 09:00:00,N/A,N/A,2016-11-24 09:30:00
2016-11-24 09:30:00,N/A,N/A,2016-11-24 10:00:00
2016-11-24 10:00:00,N/A,N/A,2016-11-24 10:30:00
2016-11-24 10:30:00,N/A,N/A,2016-11-24 11:00:00
2016-11-24 11:00:00,N/A,N/A,2016-11-24 11:30:00
2016-11-24 11:30:00,N/A,N/A,2016-11-24 12:00:00
2016-11-24 12:00:00,N/A,N/A,2016-11-24 12:30:00
2016-11-24 12:30:00,N/A,N/A,2016-11-24 13:00:00
2016-11-24 13:00:00,N/A,N/A,2016-11-24 13:30:00
2016-11-24 13:30:00,N/A,N/A,2016-11-24 14:00:00
2016-11-24 14:00:00,N/A,N/A,2016-11-24 14:30:00
2016-11-24 14:30:00,N/A,N/A,2016-11-24 15:00:00
2016-11-24 15:00:00,N/A,N/A,2016-11-24 15:30:00
2016-11-24 15:30:00,N/A,N/A,2016-11-24 16:00:00
2016-11-24 16:00:00,N/A,N/A,2016-11-24 16:30:00
2016-11-24 16:30:00,N/A,N/A,2016-11-24 17:00:00
2016-11-24 17:00:00,N/A,N/A,2016-11-24 17:30:00
2016-11-24 17:30:00,N/A,N/A,2016-11-24 18:00:00
2016-11-24 18:00:00,N/A,N/A,2016-11-24 18:30:00
2016-11-24 18:30:00,N/A,N/A,2016-11-24 19:00:00
2016-11-24 19:00:00,N/A,N/A,2016-11-24 19:30:00
2016-11-24 19:30:00,N/A,N/A,2016-11-24 20:00:00
2016-11-24 20:00:00,N/A,N/A,2016-11-24 20:30:00
2016-11-24 20:30:00,N/A,N/A,2016-11-24 21:00:00
2016-11-24 21:00:00,N/A,N/A,2016-11-24 21:30:00
2016-11-24 21:30:00,N/A,N/A,2016-11-24 22:00:00
2016-11-24 22:00:00,N/A,N/A,2016-11-24 22:30:00
2016-11-24 22:30:00,N/A,N/A,2016-11-24 23:00:00
2016-11-24 23:00:00,N/A,N/A,2016-11-24 23:30:00
2016-11-24 23:30:00,N/A,N/A,2016-11-25 00:00:00
2016-11-25 00:00:00,N/A,N/A,2016-11-25 00:30:00
2016-11-25 00:30:00,N/A,N/A,2016-11-25 01:00:00
2016-11-25 01:00:00,N/A,N/A,2016-11-25 01:30:00
2016-11-25 01:30:00,N/A,N/A,2016-11-25 02:00:00
2016-11-25 02:00:00,N/A,N/A,2016-11-25 02:30:00
2016-11-25 02:30:00,N/A,N/A,2016-11-25 03:00:00
2016-11-25 03:00:00,N/A,N/A,2016-11-25 03:30:00
2016-11-25 03:30:00,N/A,N/A,2016-11-25 04:00:00
2016-11-25 04:00:00,N/A,N/A,2016-11-25 04:30:00
2016-11-25 04:30:00,N/A,N/A,2016-11-25 05:00:00
2016-11-25 05:00:00,N/A,N/A,2016-11-25 05:30:00
2016-11-25 05:30:00,N/A,N/A,2016-11-25 06:00:00
2016-11-25 06:00:00,N/A,N/A,2016-11-25 06:30:00
2016-11-25 06:30:00,N/A,N/A,2016-11-25 07:00:00
2016-11-25 07:00:00,N/A,N/A,2016-11-25 07:30:00
2016-11-25 07:30:00,N/A,N/A,2016-11-25 08:00:00
2016-11-25 08:00:00,N/A,N/A,2016-11-25 08:30:00
2016-11-25 08:30:00,N/A,N/A,2016-11-25 09:00:00
2016-11-25 09:00:00,N/A,N/A,2016-11-25 09:30:00
2016-11-25 09:30:00,N/A,N/A,2016-11-25 10:00:00
2016-11-25 10:00:00,N/A,N/A,2016-11-25 10:30:00
2016-11-25 10:30:00,N/A,N/A,2016-11-25 11:00:00
2016-11-25 11:00:00,N/A,N/A,2016-11-25 11:30:00
2016-11-25 11:30:00,N/A,N/A,2016-11-25 12:00:00
2016-11-25 12:00:00,N/A,N/A,2016-11-25 12:30:00
2016-11-25 12:30:00,N/A,N/A,2016-11-25 13:00:00
2016-11-25 13:00:00,N/A,N/A,2016-11-25 13:30:00
2016-11-25 13:30:00,N/A,N/A,2016-11-25 14:00:00
2016-11-25 14:00:00,N/A,N/A,2016-11-25 14:30:00
2016-11-25 14:30:00,N/A,N/A,2016-11-25 15:00:00
2016-11-25 15:00:00,N/A,N/A,2016-11-25 15:30:00
2016-11-25 15:30:00,N/A,N/A,2016-11-25 16:00:00
2016-11-25 16:00:00,N/A,N/A,2016-11-25 16:30:00
2016-11-25 16:30:00,N/A,N/A,2016-11-25 17:00:00
2016-11-25 17:00:00,N/A,N/A,2016-11-25 17:30:00
2016-11-25 17:30:00,N/A,N/A,2016-11-25 18:00:00
2016-11-25 18:00:00,N/A,N/A,2016-11-25 18:30:00
2016-11-25 18:30:00,N/A,N/A,2016-11-25 19:00:00
2016-11-25 19:00:00,N/A,N/A,2016-11-25 19:30:00
2016-11-25 19:30:00,N/A,N/A,2016-11-25 20:00:00
2016-11-25 20:00:00,N/A,N/A,2016-11-25 20:30:00
2016-11-25 20:30:00,N/A,N/A,2016-11-25 21:00:00
2016-11-25 21:00:00,N/A,N/A,2016-11-25 21:30:00
2016-11-25 21:30:00,N/A,N/A,2016-11-25 22:00:00
2016-11-25 22:00:00,N/A,N/A,2016-11-25 22:30:00
2016-11-25 22:30:00,N/A,N/A,2016-11-25 23:00:00
2016-11-25 23:00:00,N/A,N/A,2016-11-25 23:30:00
2016-11-25 23:30:00,N/A,N/A,2016-11-26 00:00:00
2016-11-26 00:00:00,N/A,N/A,2016-11-26 00:30:00
2016-11-26 00:30:00,N/A,N/A,2016-11-26 01:00:00
2016-11-26 01:00:00,N/A,N/A,2016-11-26 01:30:00
2016-11-26 01:30:00,N/A,N/A,2016-11-26 02:00:00
2016-11-26 02:00:00,N/A,N/A,2016-11-26 02:30:00
2016-11-26 02:30:00,N/A,N/A,2016-11-26 03:00:00
2016-11-26 03:00:00,N/A,N/A,2016-11-26 03:30:00
2016-11-26 03:30:00,N/A,N/A,2016-11-26 04:00:00
2016-11-26 04:00:00,N/A,N/A,2016-11-26 04:30:00
2016-11-26 04:30:00,N/A,N/A,2016-11-26 05:00:00
2016-11-26 05:00:00,N/A,N/A,2016-11-26 05:30:00
2016-11-26 05:30:00,N/A,N/A,2016-11-26 06:00:00
2016-11-26 06:00:00,N/A,N/A,2016-11-26 06:30:00
2016-11-26 06:30:00,N/A,N/A,2016-11-26 07:00:00
2016-11-26 07:00:00,N/A,N/A,2016-11-26 07:30:00
2016-11-26 07:30:00,N/A,N/A,2016-11-26 08:00:00
2016-11-26 08:00:00,N/A,N/A,2016-11-26 08:30:00
2016-11-26 08:30:00,N/A,N/A,2016-11-26 09:00:00
2016-11-26 09:00:00,N/A,N/A,2016-11-26 09:30:00
2016-11-26 09:30:00,N/A,N/A,2016-11-26 10:00:00
2016-11-26 10:00:00,N/A,N/A,2016-11-26 10:30:00
2016-11-26 10:30:00,N/A,N/A,2016-11-26 11:00:00
2016-11-26 11:00:00,N/A,N/A,2016-11-26 11:30:00
2016-11-26 11:30:00,N/A,N/A,2016-11-26 12:00:00
2016-11-26 12:00:00,N/A,N/A,2016-11-26 12:30:00
2016-11-26 12:30:00,N/A,N/A,2016-11-26 13:00:00
2016-11-26 13:00:00,N/A,N/A,2016-11-26 13:30:00
2016-11-26 13:30:00,N/A,N/A,2016-11-26 14:00:00
2016-11-26 14:00:00,N/A,N/A,2016-11-26 14:30:00
2016-11-26 14:30:00,N/A,N/A,2016-11-26 15:00:00
2016-11-26 15:00:00,N/A,N/A,2016-11-26 15:30:00
2016-11-26 15:30:00,N/A,N/A,2016-11-26 16:00:00
2016-11-26 16:00:00,N/A,N/A,2016-11-26 16:30:00
2016-11-26 16:30:00,N/A,N/A,2016-11-26 17:00:00
2016-11-26 17:00:00,N/A,N/A,2016-11-26 17:30:00
2016-11-26 17:30:00,N/A,N/A,2016-11-26 18:00:00
2016-11-26 18:00:00,N/A,N/A,2016-11-26 18:30:00
2016-11-26 18:30:00,N/A,N/A,2016-11-26 19:00:00
2016-11-26 19:00:00,N/A,N/A,2016-11-26 19:30:00
2016-11-26 19:30:00,N/A,N/A,2016-11-26 20:00:00
2016-11-26 20:00:00,N/A,N/A,2016-11-26 20:30:00
2016-11-26 20:30:00,N/A,N/A,2016-11-26 21:00:00
2016-11-26 21:00:00,N/A,N/A,2016-11-26 21:30:00
2016-11-26 21:30:00,N/A,N/A,2016-11-26 22:00:00
2016-11-26 22:00:00,N/A,N/A,2016-11-26 22:30:00
2016-11-26 22:30:00,N/A,N/A,2016-11-26 23:00:00
2016-11-26 23:00:00,N/A,N/A,2016-11-26 23:30:00
2016-11-26 23:30:00,N/A,N/A,2016-11-27 00:00:00
2016-11-27 00:00:00,N/A,N/A,2016-11-27 00:30:00
2016-11-27 00:30:00,N/A,N/A,2016-11-27 01:00:00
2016-11-27 01:00:00,N/A,N/A,2016-11-27 01:30:00
2016-11-27 01:30:00,N/A,N/A,2016-11-27 02:00:00
2016-11-27 02:00:00,N/A,N/A,2016-11-27 02:30:00
2016-11-27 02:30:00,N/A,N/A,2016-11-27 03:00:00
2016-11-27 03:00:00,N/A,N/A,2016-11-27 03:30:00
2016-11-27 03:30:00,N/A,N/A,2016-11-27 04:00:00
2016-11-27 04:00:00,N/A,N/A,2016-11-27 04:30:00
2016-11-27 04:30:00,N/A,N/A,2016-11-27 05:00:00
2016-11-27 05:00:00,N/A,N/A,2016-11-27 05:30:00
2016-11-27 05:30:00,N/A,N/A,2016-11-27 06:00:00
2016-11-27 06:00:00,N/A,N/A,2016-11-27 06:30:00
2016-11-27 06:30:00,N/A,N/A,2016-11-27 07:00:00
2016-11-27 07:00:00,N/A,N/A,2016-11-27 07:30:00
2016-11-27 07:30:00,N/A,N/A,2016-11-27 08:00:00
2016-11-27 08:00:00,N/A,N/A,2016-11-27 08:30:00
2016-11-27 08:30:00,N/A,N/A,2016-11-27 09:00:00
2016-11-27 09:00:00,N/A,N/A,2016-11-27 09:30:00
2016-11-27 09:30:00,N/A,N/A,2016-11-27 10:00:00
2016-11-27 10:00:00,N/A,N/A,2016-11-27 10:30:00
2016-11-27 10:30:00,N/A,N/A,2016-11-27 11:00:00
2016-11-27 11:00:00,N/A,N/A,2016-11-27 11:30:00
2016-11-27 11:30:00,N/A,N/A,2016-11-27 12:00:00
2016-11-27 12:00:00,N/A,N/A,2016-11-27 12:30:00
2016-11-27 12:30:00,N/A,N/A,2016-11-27 13:00:00
2016-11-27 13:00:00,N/A,N/A,2016-11-27 13:30:00
2016-11-27 13:30:00,N/A,N/A,2016-11-27 14:00:00
2016-11-27 14:00:00,N/A,N/A,2016-11-27 14:30:00
2016-11-27 14:30:00,N/A,N/A,2016-11-27 15:00:00
2016-11-27 15:00:00,N/A,N/A,2016-11-27 15:30:00
2016-11-27 15:30:00,N/A,N/A,2016-11-27 16:00:00
2016-11-27 16:00:00,N/A,N/A,2016-11-27 16:30:00
2016-11-27 16:30:00,N/A,N/A,2016-11-27 17:00:00
2016-11-27 17:00:00,N/A,N/A,2016-11-27 17:30:00
2016-11-27 17:30:00,N/A,N/A,2016-11-27 18:00:00
2016-11-27 18:00:00,N/A,N/A,2016-11-27 18:30:00
2016-11-27 18:30:00,N/A,N/A,2016-11-27 19:00:00
2016-11-27 19:00:00,N/A,N/A,2016-11-27 19:30:00
2016-11-27 19:30:00,N/A,N/A,2016-11-27 20:00:00
2016-11-27 20:00:00,N/A,N/A,2016-11-27 20:30:00
2016-11-27 20:30:00,N/A,N/A,2016-11-27 21:00:00
2016-11-27 21:00:00,N/A,N/A,2016-11-27 21:30:00
2016-11-27 21:30:00,N/A,N/A,2016-11-27 22:00:00
2016-11-27 22:00:00,N/A,N/A,2016-11-27 22:30:00
2016-11-27 22:30:00,N/A,N/A,2016-11-27 23:00:00
2016-11-27 23:00:00,N/A,N/A,2016-11-27 23:30:00
2016-11-27 23:30:00,N/A,N/A,2016-11-28 00:00:00
2016-11-28 00:00:00,N/A,N/A,2016-11-28 00:30:00
2016-11-28 00:30:00,N/A,N/A,2016-11-28 01:00:00
2016-11-28 01:00:00,N/A,N/A,2016-11-28 01:30:00
2016-11-28 01:30:00,N/A,N/A,2016-11-28 02:00:00
2016-11-28 02:00:00,N/A,N/A,2016-11-28 02:30:00
2016-11-28 02:30:00,N/A,N/A,2016-11-28 03:00:00
2016-11-28 03:00:00,N/A,N/A,2016-11-28 03:30:00
2016-11-28 03:30:00,N/A,N/A,2016-11-28 04:00:00
2016-11-28 04:00:00,N/A,N/A,2016-11-28 04:30:00
2016-11-28 04:30:00,N/A,N/A,2016-11-28 05:00:00
2016-11-28 05:00:00,N/A,N/A,2016-11-28 05:30:00
2016-11-28 05:30:00,N/A,N/A,2016-11-28 06:00:00
2016-11-28 06:00:00,N/A,N/A,2016-11-28 06:30:00
2016-11-28 06:30:00,N/A,N/A,2016-11-28 07:00:00
2016-11-28 07:00:00,N/A,N/A,2016-11-28 07:30:00
2016-11-28 07:30:00,N/A,N/A,2016-11-28 08:00:00
2016-11-28 08:00:00,N/A,N/A,2016-11-28 08:30:00
2016-11-28 08:30:00,N/A,N/A,2016-11-28 09:00:00
2016-11-28 09:00:00,N/A,N/A,2016-11-28 09:30:00
2016-11-28 09:30:00,N/A,N/A,2016-11-28 10:00:00
2016-11-28 10:00:00,N/A,N/A,2016-11-28 10:30:00
2016-11-28 10:30:00,N/A,N/A,2016-11-28 11:00:00
2016-11-28 11:00:00,N/A,N/A,2016-11-28 11:30:00
2016-11-28 11:30:00,N/A,N/A,2016-11-28 12:00:00
2016-11-28 12:00:00,N/A,N/A,2016-11-28 12:30:00
2016-11-28 12:30:00,N/A,N/A,2016-11-28 13:00:00
2016-11-28 13:00:00,N/A,N/A,2016-11-28 13:30:00
2016-11-28 13:30:00,N/A,N/A,2016-11-28 14:00:00
2016-11-28 14:00:00,N/A,N/A,2016-11-28 14:30:00
2016-11-28 14:30:00,N/A,N/A,2016-11-28 15:00:00
2016-11-28 15:00:00,N/A,N/A,2016-11-28 15:30:00
2016-11-28 15:30:00,N/A,N/A,2016-11-28 16:00:00
2016-11-28 16:00:00,N/A,N/A,2016-11-28 16:30:00
2016-11-28 16:30:00,N/A,N/A,2016-11-28 17:00:00
2016-11-28 17:00:00,N/A,N/A,2016-11-28 17:30:00
2016-11-28 17:30:00,N/A,N/A,2016-11-28 18:00:00
2016-11-28 18:00:00,N/A,N/A,2016-11-28 18:30:00
2016-11-28 18:30:00,N/A,N/A,2016-11-28 19:00:00
2016-11-28 19:00:00,N/A,N/A,2016-11-28 19:30:00
2016-11-28 19:30:00,N/A,N/A,2016-11-28 20:00:00
2016-11-28 20:00:00,N/A,N/A,2016-11-28 20:30:00
2016-11-28 20:30:00,N/A,N/A,2016-11-28 21:00:00
2016-11-28 21:00:00,N/A,N/A,2016-11-28 21:30:00
2016-11-28 21:30:00,N/A,N/A,2016-11-28 22:00:00
2016-11-28 22:00:00,N/A,N/A,2016-11-28 22:30:00
2016-11-28 22:30:00,N/A,N/A,2016-11-28 23:00:00
2016-11-28 23:00:00,N/A,N/A,2016-11-28 23:30:00
2016-11-28 23:30:00,N/A,N/A,2016-11-29 00:00:00
2016-11-29 00:00:00,N/A,N/A,2016-11-29 00:30:00
2016-11-29 00:30:00,N/A,N/A,2016-11-29 01:00:00
2016-11-29 01:00:00,N/A,N/A,2016-11-29 01:30:00
2016-11-29 01:30:00,N/A,N/A,2016-11-29 02:00:00
2016-11-29 02:00:00,N/A,N/A,2016-11-29 02:30:00
2016-11-29 02:30:00,N/A,N/A,2016-11-29 03:00:00
2016-11-29 03:00:00,N/A,N/A,2016-11-29 03:30:00
2016-11-29 03:30:00,N/A,N/A,2016-11-29 04:00:00
2016-11-29 04:00:00,N/A,N/A,2016-11-29 04:30:00
2016-11-29 04:30:00,N/A,N/A,2016-11-29 05:00:00
2016-11-29 05:00:00,N/A,N/A,2016-11-29 05:30:00
2016-11-29 05:30:00,N/A,N/A,2016-11-29 06:00:00
2016-11-29 06:00:00,N/A,N/A,2016-11-29 06:30:00
2016-11-29 06:30:00,N/A,N/A,2016-11-29 07:00:00
2016-11-29 07:00:00,N/A,N/A,2016-11-29 07:30:00
2016-11-29 07:30:00,N/A,N/A,2016-11-29 08:00:00
2016-11-29 08:00:00,N/A,N/A,2016-11-29 08:30:00
2016-11-29 08:30:00,N/A,N/A,2016-11-29 09:00:00
2016-11-29 09:00:00,N/A,N/A,2016-11-29 09:30:00
2016-11-29 09:30:00,N/A,N/A,2016-11-29 10:00:00
2016-11-29 10:00:00,N/A,N/A,2016-11-29 10:30:00
2016-11-29 10:30:00,N/A,N/A,2016-11-29 11:00:00
2016-11-29 11:00:00,N/A,N/A,2016-11-29 11:30:00
2016-11-29 11:30:00,N/A,N/A,2016-11-29 12:00:00
2016-11-29 12:00:00,N/A,N/A,2016-11-29 12:30:00
2016-11-29 12:30:00,N/A,N/A,2016-11-29 13:00:00
2016-11-29 13:00:00,N/A,N/A,2016-11-29 13:30:00
2016-11-29 13:30:00,N/A,N/A,2016-11-29 14:00:00
2016-11-29 14:00:00,N/A,N/A,2016-11-29 14:30:00
2016-11-29 14:30:00,N/A,N/A,2016-11-29 15:00:00
2016-11-29 15:00:00,N/A,N/A,2016-11-29 15:30:00
2016-11-29 15:30:00,N/A,N/A,2016-11-29 16:00:00
2016-11-29 16:00:00,N/A,N/A,2016-11-29 16:30:00
2016-11-29 16:30:00,N/A,N/A,2016-11-29 17:00:00
2016-11-29 17:00:00,N/A,N/A,2016-11-29 17:30:00
2016-11-29 17:30:00,N/A,N/A,2016-11-29 18:00:00
2016-11-29 18:00:00,N/A,N/A,2016-11-29 18:30:00
2016-11-29 18:30:00,N/A,N/A,2016-11-29 19:00:00
2016-11-29 19:00:00,N/A,N/A,2016-11-29 19:30:00
2016-11-29 19:30:00,N/A,N/A,2016-11-29 20:00:00
2016-11-29 20:00:00,N/A,N/A,2016-11-29 20:30:00
2016-11-29 20:30:00,N/A,N/A,2016-11-29 21:00:00
2016-11-29 21:00:00,N/A,N/A,2016-11-29 21:30:00
2016-11-29 21:30:00,N/A,N/A,2016-11-29 22:00:00
2016-11-29 22:00:00,N/A,N/A,2016-11-29 22:30:00
2016-11-29 22:30:00,N/A,N/A,2016-11-29 23:00:00
2016-11-29 23:00:00,N/A,N/A,2016-11-29 23:30:00
2016-11-29 23:30:00,N/A,N/A,2016-11-30 00:00:00
2016-11-30 00:00:00,N/A,N/A,2016-11-30 00:30:00
2016-11-30 00:30:00,N/A,N/A,2016-11-30 01:00:00
2016-11-30 01:00:00,N/A,N/A,2016-11-30 01:30:00
2016-11-30 01:30:00,N/A,N/A,2016-11-30 02:00:00
2016-11-30 02:00:00,N/A,N/A,2016-11-30 02:30:00
2016-11-30 02:30:00,N/A,N/A,2016-11-30 03:00:00
2016-11-30 03:00:00,N/A,N/A,2016-11-30 03:30:00
2016-11-30 03:30:00,N/A,N/A,2016-11-30 04:00:00
2016-11-30 04:00:00,N/A,N/A,2016-11-30 04:30:00
2016-11-30 04:30:00,N/A,N/A,2016-11-30 05:00:00
2016-11-30 05:00:00,N/A,N/A,2016-11-30 05:30:00
2016-11-30 05:30:00,N/A,N/A,2016-11-30 06:00:00
2016-11-30 06:00:00,N/A,N/A,2016-11-30 06:30:00
2016-11-30 06:30:00,N/A,N/A,2016-11-30 07:00:00
2016-11-30 07:00:00,N/A,N/A,2016-11-30 07:30:00
2016-11-30 07:30:00,N/A,N/A,2016-11-30 08:00:00
2016-11-30 08:00:00,N/A,N/A,2016-11-30 08:30:00
2016-11-30 08:30:00,N/A,N/A,2016-11-30 09:00:00
2016-11-30 09:00:00,N/A,N/A,2016-11-30 09:30:00
2016-11-30 09:30:00,N/A,N/A,2016-11-30 10:00:00
2016-11-30 10:00:00,N/A,N/A,2016-11-30 10:30:00
2016-11-30 10:30:00,N/A,N/A,2016-11-30 11:00:00
2016-11-30 11:00:00,N/A,N/A,2016-11-30 11:30:00
2016-11-30 11:30:00,N/A,N/A,2016-11-30 12:00:00
2016-11-30 12:00:00,N/A,N/A,2016-11-30 12:30:00
2016-11-30 12:30:00,N/A,N/A,2016-11-30 13:00:00
2016-11-30 13:00:00,N/A,N/A,2016-11-30 13:30:00
2016-11-30 13:30:00,N/A,N/A,2016-11-30 14:00:00
2016-11-30 14:00:00,N/A,N/A,2016-11-30 14:30:00
2016-11-30 14:30:00,N/A,N/A,2016-11-30 15:00:00
2016-11-30 15:00:00,N/A,N/A,2016-11-30 15:30:00
2016-11-30 15:30:00,N/A,N/A,2016-11-30 16:00:00
2016-11-30 16:00:00,N/A,N/A,2016-11-30 16:30:00
2016-11-30 16:30:00,N/A,N/A,2016-11-30 17:00:00
2016-11-30 17:00:00,N/A,N/A,2016-11-30 17:30:00
2016-11-30 17:30:00,N/A,N/A,2016-11-30 18:00:00
2016-11-30 18:00:00,N/A,N/A,2016-11-30 18:30:00
2016-11-30 18:30:00,N/A,N/A,2016-11-30 19:00:00
2016-11-30 19:00:00,N/A,N/A,2016-11-30 19:30:00
2016-11-30 19:30:00,N/A,N/A,2016-11-30 20:00:00
2016-11-30 20:00:00,N/A,N/A,2016-11-30 20:30:00
2016-11-30 20:30:00,N/A,N/A,2016-11-30 21:00:00
2016-11-30 21:00:00,N/A,N/A,2016-11-30 21:30:00
2016-11-30 21:30:00,N/A,N/A,2016-11-30 22:00:00
2016-11-30 22:00:00,N/A,N/A,2016-11-30 22:30:00
2016-11-30 22:30:00,N/A,N/A,2016-11-30 23:00:00
2016-11-30 23:00:00,N/A,N/A,2016-11-30 23:30:00
2016-11-30 23:30:00,N/A,N/A,2016-12-01 00:00:00
2016-12-01 00:00:00,N/A,N/A,2016-12-01 00:30:00
2016-12-01 00:30:00,N/A,N/A,2016-12-01 01:00:00
2016-12-01 01:00:00,N/A,N/A,2016-12-01 01:30:00
2016-12-01 01:30:00,N/A,N/A,2016-12-01 02:00:00
2016-12-01 02:00:00,N/A,N/A,2016-12-01 02:30:00
2016-12-01 02:30:00,N/A,N/A,2016-12-01 03:00:00
2016-12-01 03:00:00,N/A,N/A,2016-12-01 03:30:00
2016-12-01 03:30:00,N/A,N/A,2016-12-01 04:00:00
2016-12-01 04:00:00,N/A,N/A,2016-12-01 04:30:00
2016-12-01 04:30:00,N/A,N/A,2016-12-01 05:00:00
2016-12-01 05:00:00,N/A,N/A,2016-12-01 05:30:00
2016-12-01 05:30:00,N/A,N/A,2016-12-01 06:00:00
2016-12-01 06:00:00,N/A,N/A,2016-12-01 06:30:00
2016-12-01 06:30:00,N/A,N/A,2016-12-01 07:00:00
2016-12-01 07:00:00,N/A,N/A,2016-12-01 07:30:00
2016-12-01 07:30:00,N/A,N/A,2016-12-01 08:00:00
2016-12-01 08:00:00,N/A,N/A,2016-12-01 08:30:00
2016-12-01 08:30:00,N/A,N/A,2016-12-01 09:00:00
2016-12-01 09:00:00,N/A,N/A,2016-12-01 09:30:00
2016-12-01 09:30:00,N/A,N/A,2016-12-01 10:00:00
2016-12-01 10:00:00,N/A,N/A,2016-12-01 10:30:00
2016-12-01 10:30:00,N/A,N/A,2016-12-01 11:00:00
2016-12-01 11:00:00,N/A,N/A,2016-12-01 11:30:00
2016-12-01 11:30:00,N/A,N/A,2016-12-01 12:00:00
2016-12-01 12:00:00,N/A,N/A,2016-12-01 12:30:00
2016-12-01 12:30:00,N/A,N/A,2016-12-01 13:00:00
2016-12-01 13:00:00,N/A,N/A,2016-12-01 13:30:00
2016-12-01 13:30:00,N/A,N/A,2016-12-01 14:00:00
2016-12-01 14:00:00,N/A,N/A,2016-12-01 14:30:00
2016-12-01 14:30:00,N/A,N/A,2016-12-01 15:00:00
2016-12-01 15:00:00,N/A,N/A,2016-12-01 15:30:00
2016-12-01 15:30:00,N/A,N/A,2016-12-01 16:00:00
2016-12-01 16:00:00,N/A,N/A,2016-12-01 16:30:00
2016-12-01 16:30:00,N/A,N/A,2016-12-01 17:00:00
2016-12-01 17:00:00,N/A,N/A,2016-12-01 17:30:00
2016-12-01 17:30:00,N/A,N/A,2016-12-01 18:00:00
2016-12-01 18:00:00,N/A,N/A,2016-12-01 18:30:00
2016-12-01 18:30:00,N/A,N/A,2016-12-01 19:00:00
2016-12-01 19:00:00,N/A,N/A,2016-12-01 19:30:00
2016-12-01 19:30:00,N/A,N/A,2016-12-01 20:00:00
2016-12-01 20:00:00,N/A,N/A,2016-12-01 20:30:00
2016-12-01 20:30:00,N/A,N/A,2016-12-01 21:00:00
2016-12-01 21:00:00,N/A,N/A,2016-12-01 21:30:00
2016-12-01 21:30:00,N/A,N/A,2016-12-01 22:00:00
2016-12-01 22:00:00,N/A,N/A,2016-12-01 22:30:00
2016-12-01 22:30:00,N/A,N/A,2016-12-01 23:00:00
2016-12-01 23:00:00,N/A,N/A,2016-12-01 23:30:00
2016-12-01 23:30:00,N/A,N/A,2016-12-02 00:00:00
2016-12-02 00:00:00,N/A,N/A,2016-12-02 00:30:00
2016-12-02 00:30:00,N/A,N/A,2016-12-02 01:00:00
2016-12-02 01:00:00,N/A,N/A,2016-12-02 01:30:00
2016-12-02 01:30:00,N/A,N/A,2016-12-02 02:00:00
2016-12-02 02:00:00,N/A,N/A,2016-12-02 02:30:00
2016-12-02 02:30:00,N/A,N/A,2016-12-02 03:00:00
2016-12-02 03:00:00,N/A,N/A,2016-12-02 03:30:00
2016-12-02 03:30:00,N/A,N/A,2016-12-02 04:00:00
2016-12-02 04:00:00,N/A,N/A,2016-12-02 04:30:00
2016-12-02 04:30:00,N/A,N/A,2016-12-02 05:00:00
2016-12-02 05:00:00,N/A,N/A,2016-12-02 05:30:00
2016-12-02 05:30:00,N/A,N/A,2016-12-02 06:00:00
2016-12-02 06:00:00,N/A,N/A,2016-12-02 06:30:00
2016-12-02 06:30:00,N/A,N/A,2016-12-02 07:00:00
2016-12-02 07:00:00,N/A,N/A,2016-12-02 07:30:00
2016-12-02 07:30:00,N/A,N/A,2016-12-02 08:00:00
2016-12-02 08:00:00,N/A,N/A,2016-12-02 08:30:00
2016-12-02 08:30:00,N/A,N/A,2016-12-02 09:00:00
2016-12-02 09:00:00,N/A,N/A,2016-12-02 09:30:00
2016-12-02 09:30:00,N/A,N/A,2016-12-02 10:00:00
2016-12-02 10:00:00,N/A,N/A,2016-12-02 10:30:00
2016-12-02 10:30:00,N/A,N/A,2016-12-02 11:00:00
2016-12-02 11:00:00,N/A,N/A,2016-12-02 11:30:00
2016-12-02 11:30:00,N/A,N/A,2016-12-02 12:00:00
2016-12-02 12:00:00,N/A,N/A,2016-12-02 12:30:00
2016-12-02 12:30:00,N/A,N/A,2016-12-02 13:00:00
2016-12-02 13:00:00,N/A,N/A,2016-12-02 13:30:00
2016-12-02 13:30:00,N/A,N/A,2016-12-02 14:00:00
2016-12-02 14:00:00,N/A,N/A,2016-12-02 14:30:00
2016-12-02 14:30:00,N/A,N/A,2016-12-02 15:00:00
2016-12-02 15:00:00,N/A,N/A,2016-12-02 15:30:00
2016-12-02 15:30:00,N/A,N/A,2016-12-02 16:00:00
2016-12-02 16:00:00,N/A,N/A,2016-12-02 16:30:00
2016-12-02 16:30:00,N/A,N/A,2016-12-02 17:00:00
2016-12-02 17:00:00,N/A,N/A,2016-12-02 17:30:00
2016-12-02 17:30:00,N/A,N/A,2016-12-02 18:00:00
2016-12-02 18:00:00,N/A,N/A,2016-12-02 18:30:00
2016-12-02 18:30:00,N/A,N/A,2016-12-02 19:00:00
2016-12-02 19:00:00,N/A,N/A,2016-12-02 19:30:00
2016-12-02 19:30:00,N/A,N/A,2016-12-02 20:00:00
2016-12-02 20:00:00,N/A,N/A,2016-12-02 20:30:00
2016-12-02 20:30:00,N/A,N/A,2016-12-02 21:00:00
2016-12-02 21:00:00,N/A,N/A,2016-12-02 21:30:00
2016-12-02 21:30:00,N/A,N/A,2016-12-02 22:00:00
2016-12-02 22:00:00,N/A,N/A,2016-12-02 22:30:00
2016-12-02 22:30:00,N/A,N/A,2016-12-02 23:00:00
2016-12-02 23:00:00,N/A,N/A,2016-12-02 23:30:00
2016-12-02 23:30:00,N/A,N/A,2016-12-03 00:00:00
2016-12-03 00:00:00,N/A,N/A,2016-12-03 00:30:00
2016-12-03 00:30:00,N/A,N/A,2016-12-03 01:00:00
2016-12-03 01:00:00,N/A,N/A,2016-12-03 01:30:00
2016-12-03 01:30:00,N/A,N/A,2016-12-03 02:00:00
2016-12-03 02:00:00,N/A,N/A,2016-12-03 02:30:00
2016-12-03 02:30:00,N/A,N/A,2016-12-03 03:00:00
2016-12-03 03:00:00,N/A,N/A,2016-12-03 03:30:00
2016-12-03 03:30:00,N/A,N/A,2016-12-03 04:00:00
2016-12-03 04:00:00,N/A,N/A,2016-12-03 04:30:00
2016-12-03 04:30:00,N/A,N/A,2016-12-03 05:00:00
2016-12-03 05:00:00,N/A,N/A,2016-12-03 05:30:00
2016-12-03 05:30:00,N/A,N/A,2016-12-03 06:00:00
2016-12-03 06:00:00,N/A,N/A,2016-12-03 06:30:00
2016-12-03 06:30:00,N/A,N/A,2016-12-03 07:00:00
2016-12-03 07:00:00,N/A,N/A,2016-12-03 07:30:00
2016-12-03 07:30:00,N/A,N/A,2016-12-03 08:00:00
2016-12-03 08:00:00,N/A,N/A,2016-12-03 08:30:00
2016-12-03 08:30:00,N/A,N/A,2016-12-03 09:00:00
2016-12-03 09:00:00,N/A,N/A,2016-12-03 09:30:00
2016-12-03 09:30:00,N/A,N/A,2016-12-03 10:00:00
2016-12-03 10:00:00,N/A,N/A,2016-12-03 10:30:00
2016-12-03 10:30:00,N/A,N/A,2016-12-03 11:00:00
2016-12-03 11:00:00,N/A,N/A,2016-12-03 11:30:00
2016-12-03 11:30:00,N/A,N/A,2016-12-03 12:00:00
2016-12-03 12:00:00,N/A,N/A,2016-12-03 12:30:00
2016-12-03 12:30:00,N/A,N/A,2016-12-03 13:00:00
2016-12-03 13:00:00,N/A,N/A,2016-12-03 13:30:00
2016-12-03 13:30:00,N/A,N/A,2016-12-03 14:00:00
2016-12-03 14:00:00,N/A,N/A,2016-12-03 14:30:00
2016-12-03 14:30:00,N/A,N/A,2016-12-03 15:00:00
2016-12-03 15:00:00,N/A,N/A,2016-12-03 15:30:00
2016-12-03 15:30:00,N/A,N/A,2016-12-03 16:00:00
2016-12-03 16:00:00,N/A,N/A,2016-12-03 16:30:00
2016-12-03 16:30:00,N/A,N/A,2016-12-03 17:00:00
2016-12-03 17:00:00,N/A,N/A,2016-12-03 17:30:00
2016-12-03 17:30:00,N/A,N/A,2016-12-03 18:00:00
2016-12-03 18:00:00,N/A,N/A,2016-12-03 18:30:00
2016-12-03 18:30:00,N/A,N/A,2016-12-03 19:00:00
2016-12-03 19:00:00,N/A,N/A,2016-12-03 19:30:00
2016-12-03 19:30:00,N/A,N/A,2016-12-03 20:00:00
2016-12-03 20:00:00,N/A,N/A,2016-12-03 20:30:00
2016-12-03 20:30:00,N/A,N/A,2016-12-03 21:00:00
2016-12-03 21:00:00,N/A,N/A,2016-12-03 21:30:00
2016-12-03 21:30:00,N/A,N/A,2016-12-03 22:00:00
2016-12-03 22:00:00,N/A,N/A,2016-12-03 22:30:00
2016-12-03 22:30:00,N/A,N/A,2016-12-03 23:00:00
2016-12-03 23:00:00,N/A,N/A,2016-12-03 23:30:00
2016-12-03 23:30:00,N/A,N/A,2016-12-04 00:00:00
2016-12-04 00:00:00,N/A,N/A,2016-12-04 00:30:00
2016-12-04 00:30:00,N/A,N/A,2016-12-04 01:00:00
2016-12-04 01:00:00,N/A,N/A,2016-12-04 01:30:00
2016-12-04 01:30:00,N/A,N/A,2016-12-04 02:00:00
2016-12-04 02:00:00,N/A,N/A,2016-12-04 02:30:00
2016-12-04 02:30:00,N/A,N/A,2016-12-04 03:00:00
2016-12-04 03:00:00,N/A,N/A,2016-12-04 03:30:00
2016-12-04 03:30:00,N/A,N/A,2016-12-04 04:00:00
2016-12-04 04:00:00,N/A,N/A,2016-12-04 04:30:00
2016-12-04 04:30:00,N/A,N/A,2016-12-04 05:00:00
2016-12-04 05:00:00,N/A,N/A,2016-12-04 05:30:00
2016-12-04 05:30:00,N/A,N/A,2016-12-04 06:00:00
2016-12-04 06:00:00,N/A,N/A,2016-12-04 06:30:00
2016-12-04 06:30:00,N/A,N/A,2016-12-04 07:00:00
2016-12-04 07:00:00,N/A,N/A,2016-12-04 07:30:00
2016-12-04 07:30:00,N/A,N/A,2016-12-04 08:00:00
2016-12-04 08:00:00,N/A,N/A,2016-12-04 08:30:00
2016-12-04 08:30:00,N/A,N/A,2016-12-04 09:00:00
2016-12-04 09:00:00,N/A,N/A,2016-12-04 09:30:00
2016-12-04 09:30:00,N/A,N/A,2016-12-04 10:00:00
2016-12-04 10:00:00,N/A,N/A,2016-12-04 10:30:00
2016-12-04 10:30:00,N/A,N/A,2016-12-04 11:00:00
2016-12-04 11:00:00,N/A,N/A,2016-12-04 11:30:00
2016-12-04 11:30:00,N/A,N/A,2016-12-04 12:00:00
2016-12-04 12:00:00,N/A,N/A,2016-12-04 12:30:00
2016-12-04 12:30:00,N/A,N/A,2016-12-04 13:00:00
2016-12-04 13:00:00,N/A,N/A,2016-12-04 13:30:00
2016-12-04 13:30:00,N/A,N/A,2016-12-04 14:00:00
2016-12-04 14:00:00,N/A,N/A,2016-12-04 14:30:00
2016-12-04 14:30:00,N/A,N/A,2016-12-04 15:00:00
2016-12-04 15:00:00,N/A,N/A,2016-12-04 15:30:00
2016-12-04 15:30:00,N/A,N/A,2016-12-04 16:00:00
2016-12-04 16:00:00,N/A,N/A,2016-12-04 16:30:00
2016-12-04 16:30:00,N/A,N/A,2016-12-04 17:00:00
2016-12-04 17:00:00,N/A,N/A,2016-12-04 17:30:00
2016-12-04 17:30:00,N/A,N/A,2016-12-04 18:00:00
2016-12-04 18:00:00,N/A,N/A,2016-12-04 18:30:00
2016-12-04 18:30:00,N/A,N/A,2016-12-04 19:00:00
2016-12-04 19:00:00,N/A,N/A,2016-12-04 19:30:00
2016-12-04 19:30:00,N/A,N/A,2016-12-04 20:00:00
2016-12-04 20:00:00,N/A,N/A,2016-12-04 20:30:00
2016-12-04 20:30:00,N/A,N/A,2016-12-04 21:00:00
2016-12-04 21:00:00,N/A,N/A,2016-12-04 21:30:00
2016-12-04 21:30:00,N/A,N/A,2016-12-04 22:00:00
2016-12-04 22:00:00,N/A,N/A,2016-12-04 22:30:00
2016-12-04 22:30:00,N/A,N/A,2016-12-04 23:00:00
2016-12-04 23:00:00,N/A,N/A,2016-12-04 23:30:00
2016-12-04 23:30:00,N/A,N/A,2016-12-05 00:00:00
2016-12-05 00:00:00,N/A,N/A,2016-12-05 00:30:00
2016-12-05 00:30:00,N/A,N/A,2016-12-05 01:00:00
2016-12-05 01:00:00,N/A,N/A,2016-12-05 01:30:00
2016-12-05 01:30:00,N/A,N/A,2016-12-05 02:00:00
2016-12-05 02:00:00,N/A,N/A,2016-12-05 02:30:00
2016-12-05 02:30:00,N/A,N/A,2016-12-05 03:00:00
2016-12-05 03:00:00,N/A,N/A,2016-12-05 03:30:00
2016-12-05 03:30:00,N/A,N/A,2016-12-05 04:00:00
2016-12-05 04:00:00,N/A,N/A,2016-12-05 04:30:00
2016-12-05 04:30:00,N/A,N/A,2016-12-05 05:00:00
2016-12-05 05:00:00,N/A,N/A,2016-12-05 05:30:00
2016-12-05 05:30:00,N/A,N/A,2016-12-05 06:00:00
2016-12-05 06:00:00,N/A,N/A,2016-12-05 06:30:00
2016-12-05 06:30:00,N/A,N/A,2016-12-05 07:00:00
2016-12-05 07:00:00,N/A,N/A,2016-12-05 07:30:00
2016-12-05 07:30:00,N/A,N/A,2016-12-05 08:00:00
2016-12-05 08:00:00,N/A,N/A,2016-12-05 08:30:00
2016-12-05 08:30:00,N/A,N/A,2016-12-05 09:00:00
2016-12-05 09:00:00,N/A,N/A,2016-12-05 09:30:00
2016-12-05 09:30:00,N/A,N/A,2016-12-05 10:00:00
2016-12-05 10:00:00,N/A,N/A,2016-12-05 10:30:00
2016-12-05 10:30:00,N/A,N/A,2016-12-05 11:00:00
2016-12-05 11:00:00,N/A,N/A,2016-12-05 11:30:00
2016-12-05 11:30:00,N/A,N/A,2016-12-05 12:00:00
2016-12-05 12:00:00,N/A,N/A,2016-12-05 12:30:00
2016-12-05 12:30:00,N/A,N/A,2016-12-05 13:00:00
2016-12-05 13:00:00,N/A,N/A,2016-12-05 13:30:00
2016-12-05 13:30:00,N/A,N/A,2016-12-05 14:00:00
2016-12-05 14:00:00,N/A,N/A,2016-12-05 14:30:00
2016-12-05 14:30:00,N/A,N/A,2016-12-05 15:00:00
2016-12-05 15:00:00,N/A,N/A,2016-12-05 15:30:00
2016-12-05 15:30:00,N/A,N/A,2016-12-05 16:00:00
2016-12-05 16:00:00,N/A,N/A,2016-12-05 16:30:00
2016-12-05 16:30:00,N/A,N/A,2016-12-05 17:00:00
2016-12-05 17:00:00,N/A,N/A,2016-12-05 17:30:00
2016-12-05 17:30:00,N/A,N/A,2016-12-05 18:00:00
2016-12-05 18:00:00,N/A,N/A,2016-12-05 18:30:00
2016-12-05 18:30:00,N/A,N/A,2016-12-05 19:00:00
2016-12-05 19:00:00,N/A,N/A,2016-12-05 19:30:00
2016-12-05 19:30:00,N/A,N/A,2016-12-05 20:00:00
2016-12-05 20:00:00,N/A,N/A,2016-12-05 20:30:00
2016-12-05 20:30:00,N/A,N/A,2016-12-05 21:00:00
2016-12-05 21:00:00,N/A,N/A,2016-12-05 21:30:00
2016-12-05 21:30:00,N/A,N/A,2016-12-05 22:00:00
2016-12-05 22:00:00,N/A,N/A,2016-12-05 22:30:00
2016-12-05 22:30:00,N/A,N/A,2016-12-05 23:00:00
2016-12-05 23:00:00,N/A,N/A,2016-12-05 23:30:00
2016-12-05 23:30:00,N/A,N/A,2016-12-06 00:00:00
2016-12-06 00:00:00,N/A,N/A,2016-12-06 00:30:00
2016-12-06 00:30:00,N/A,N/A,2016-12-06 01:00:00
2016-12-06 01:00:00,N/A,N/A,2016-12-06 01:30:00
2016-12-06 01:30:00,N/A,N/A,2016-12-06 02:00:00
2016-12-06 02:00:00,N/A,N/A,2016-12-06 02:30:00
2016-12-06 02:30:00,N/A,N/A,2016-12-06 03:00:00
2016-12-06 03:00:00,N/A,N/A,2016-12-06 03:30:00
2016-12-06 03:30:00,N/A,N/A,2016-12-06 04:00:00
2016-12-06 04:00:00,N/A,N/A,2016-12-06 04:30:00
2016-12-06 04:30:00,N/A,N/A,2016-12-06 05:00:00
2016-12-06 05:00:00,N/A,N/A,2016-12-06 05:30:00
2016-12-06 05:30:00,N/A,N/A,2016-12-06 06:00:00
2016-12-06 06:00:00,N/A,N/A,2016-12-06 06:30:00
2016-12-06 06:30:00,N/A,N/A,2016-12-06 07:00:00
2016-12-06 07:00:00,N/A,N/A,2016-12-06 07:30:00
2016-12-06 07:30:00,N/A,N/A,2016-12-06 08:00:00
2016-12-06 08:00:00,N/A,N/A,2016-12-06 08:30:00
2016-12-06 08:30:00,N/A,N/A,2016-12-06 09:00:00
2016-12-06 09:00:00,N/A,N/A,2016-12-06 09:30:00
2016-12-06 09:30:00,N/A,N/A,2016-12-06 10:00:00
2016-12-06 10:00:00,N/A,N/A,2016-12-06 10:30:00
2016-12-06 10:30:00,N/A,N/A,2016-12-06 11:00:00
2016-12-06 11:00:00,N/A,N/A,2016-12-06 11:30:00
2016-12-06 11:30:00,N/A,N/A,2016-12-06 12:00:00
2016-12-06 12:00:00,N/A,N/A,2016-12-06 12:30:00
2016-12-06 12:30:00,N/A,N/A,2016-12-06 13:00:00
2016-12-06 13:00:00,N/A,N/A,2016-12-06 13:30:00
2016-12-06 13:30:00,N/A,N/A,2016-12-06 14:00:00
2016-12-06 14:00:00,N/A,N/A,2016-12-06 14:30:00
2016-12-06 14:30:00,N/A,N/A,2016-12-06 15:00:00
2016-12-06 15:00:00,N/A,N/A,2016-12-06 15:30:00
2016-12-06 15:30:00,N/A,N/A,2016-12-06 16:00:00
2016-12-06 16:00:00,N/A,N/A,2016-12-06 16:30:00
2016-12-06 16:30:00,N/A,N/A,2016-12-06 17:00:00
2016-12-06 17:00:00,N/A,N/A,2016-12-06 17:30:00
2016-12-06 17:30:00,N/A,N/A,2016-12-06 18:00:00
2016-12-06 18:00:00,N/A,N/A,2016-12-06 18:30:00
2016-12-06 18:30:00,N/A,N/A,2016-12-06 19:00:00
2016-12-06 19:00:00,N/A,N/A,2016-12-06 19:30:00
2016-12-06 19:30:00,N/A,N/A,2016-12-06 20:00:00
2016-12-06 20:00:00,N/A,N/A,2016-12-06 20:30:00
2016-12-06 20:30:00,N/A,N/A,2016-12-06 21:00:00
2016-12-06 21:00:00,N/A,N/A,2016-12-06 21:30:00
2016-12-06 21:30:00,N/A,N/A,2016-12-06 22:00:00
2016-12-06 22:00:00,N/A,N/A,2016-12-06 22:30:00
2016-12-06 22:30:00,N/A,N/A,2016-12-06 23:00:00
2016-12-06 23:00:00,N/A,N/A,2016-12-06 23:30:00
2016-12-06 23:30:00,N/A,N/A,2016-12-07 00:00:00
2016-12-07 00:00:00,N/A,N/A,2016-12-07 00:30:00
2016-12-07 00:30:00,N/A,N/A,2016-12-07 01:00:00
2016-12-07 01:00:00,N/A,N/A,2016-12-07 01:30:00
2016-12-07 01:30:00,N/A,N/A,2016-12-07 02:00:00
2016-12-07 02:00:00,N/A,N/A,2016-12-07 02:30:00
2016-12-07 02:30:00,N/A,N/A,2016-12-07 03:00:00
2016-12-07 03:00:00,N/A,N/A,2016-12-07 03:30:00
2016-12-07 03:30:00,N/A,N/A,2016-12-07 04:00:00
2016-12-07 04:00:00,N/A,N/A,2016-12-07 04:30:00
2016-12-07 04:30:00,N/A,N/A,2016-12-07 05:00:00
2016-12-07 05:00:00,N/A,N/A,2016-12-07 05:30:00
2016-12-07 05:30:00,N/A,N/A,2016-12-07 06:00:00
2016-12-07 06:00:00,N/A,N/A,2016-12-07 06:30:00
2016-12-07 06:30:00,N/A,N/A,2016-12-07 07:00:00
2016-12-07 07:00:00,N/A,N/A,2016-12-07 07:30:00
2016-12-07 07:30:00,N/A,N/A,2016-12-07 08:00:00
2016-12-07 08:00:00,N/A,N/A,2016-12-07 08:30:00
2016-12-07 08:30:00,N/A,N/A,2016-12-07 09:00:00
2016-12-07 09:00:00,N/A,N/A,2016-12-07 09:30:00
2016-12-07 09:30:00,N/A,N/A,2016-12-07 10:00:00
2016-12-07 10:00:00,N/A,N/A,2016-12-07 10:30:00
2016-12-07 10:30:00,N/A,N/A,2016-12-07 11:00:00
2016-12-07 11:00:00,N/A,N/A,2016-12-07 11:30:00
2016-12-07 11:30:00,N/A,N/A,2016-12-07 12:00:00
2016-12-07 12:00:00,N/A,N/A,2016-12-07 12:30:00
2016-12-07 12:30:00,N/A,N/A,2016-12-07 13:00:00
2016-12-07 13:00:00,N/A,N/A,2016-12-07 13:30:00
2016-12-07 13:30:00,N/A,N/A,2016-12-07 14:00:00
2016-12-07 14:00:00,N/A,N/A,2016-12-07 14:30:00
2016-12-07 14:30:00,N/A,N/A,2016-12-07 15:00:00
2016-12-07 15:00:00,N/A,N/A,2016-12-07 15:30:00
2016-12-07 15:30:00,N/A,N/A,2016-12-07 16:00:00
2016-12-07 16:00:00,N/A,N/A,2016-12-07 16:30:00
2016-12-07 16:30:00,N/A,N/A,2016-12-07 17:00:00
2016-12-07 17:00:00,N/A,N/A,2016-12-07 17:30:00
2016-12-07 17:30:00,N/A,N/A,2016-12-07 18:00:00
2016-12-07 18:00:00,N/A,N/A,2016-12-07 18:30:00
2016-12-07 18:30:00,N/A,N/A,2016-12-07 19:00:00
2016-12-07 19:00:00,N/A,N/A,2016-12-07 19:30:00
2016-12-07 19:30:00,N/A,N/A,2016-12-07 20:00:00
2016-12-07 20:00:00,N/A,N/A,2016-12-07 20:30:00
2016-12-07 20:30:00,N/A,N/A,2016-12-07 21:00:00
2016-12-07 21:00:00,N/A,N/A,2016-12-07 21:30:00
2016-12-07 21:30:00,N/A,N/A,2016-12-07 22:00:00
2016-12-07 22:00:00,N/A,N/A,2016-12-07 22:30:00
2016-12-07 22:30:00,N/A,N/A,2016-12-07 23:00:00
2016-12-07 23:00:00,N/A,N/A,2016-12-07 23:30:00
2016-12-07 23:30:00,N/A,N/A,2016-12-08 00:00:00
2016-12-08 00:00:00,N/A,N/A,2016-12-08 00:30:00
2016-12-08 00:30:00,N/A,N/A,2016-12-08 01:00:00
2016-12-08 01:00:00,N/A,N/A,2016-12-08 01:30:00
2016-12-08 01:30:00,N/A,N/A,2016-12-08 02:00:00
2016-12-08 02:00:00,N/A,N/A,2016-12-08 02:30:00
2016-12-08 02:30:00,N/A,N/A,2016-12-08 03:00:00
2016-12-08 03:00:00,N/A,N/A,2016-12-08 03:30:00
2016-12-08 03:30:00,N/A,N/A,2016-12-08 04:00:00
2016-12-08 04:00:00,N/A,N/A,2016-12-08 04:30:00
2016-12-08 04:30:00,N/A,N/A,2016-12-08 05:00:00
2016-12-08 05:00:00,N/A,N/A,2016-12-08 05:30:00
2016-12-08 05:30:00,N/A,N/A,2016-12-08 06:00:00
2016-12-08 06:00:00,N/A,N/A,2016-12-08 06:30:00
2016-12-08 06:30:00,N/A,N/A,2016-12-08 07:00:00
2016-12-08 07:00:00,N/A,N/A,2016-12-08 07:30:00
2016-12-08 07:30:00,N/A,N/A,2016-12-08 08:00:00
2016-12-08 08:00:00,N/A,N/A,2016-12-08 08:30:00
2016-12-08 08:30:00,N/A,N/A,2016-12-08 09:00:00
2016-12-08 09:00:00,N/A,N/A,2016-12-08 09:30:00
2016-12-08 09:30:00,N/A,N/A,2016-12-08 10:00:00
2016-12-08 10:00:00,N/A,N/A,2016-12-08 10:30:00
2016-12-08 10:30:00,N/A,N/A,2016-12-08 11:00:00
2016-12-08 11:00:00,N/A,N/A,2016-12-08 11:30:00
2016-12-08 11:30:00,N/A,N/A,2016-12-08 12:00:00
2016-12-08 12:00:00,N/A,N/A,2016-12-08 12:30:00
2016-12-08 12:30:00,N/A,N/A,2016-12-08 13:00:00
2016-12-08 13:00:00,N/A,N/A,2016-12-08 13:30:00
2016-12-08 13:30:00,N/A,N/A,2016-12-08 14:00:00
2016-12-08 14:00:00,N/A,N/A,2016-12-08 14:30:00
2016-12-08 14:30:00,N/A,N/A,2016-12-08 15:00:00
2016-12-08 15:00:00,N/A,N/A,2016-12-08 15:30:00
2016-12-08 15:30:00,N/A,N/A,2016-12-08 16:00:00
2016-12-08 16:00:00,21.84,23.0,2016-12-08 16:30:00
2016-12-08 16:30:00,N/A,N/A,2016-12-08 17:00:00
2016-12-08 17:00:00,23.9706703911,25.5053072626,2016-12-08 17:30:00
2016-12-08 17:30:00,25.2081896552,26.5064655172,2016-12-08 18:00:00
2016-12-08 18:00:00,26.6149390244,27.3879573171,2016-12-08 18:30:00
2016-12-08 18:30:00,22.673782235,22.9159025788,2016-12-08 19:00:00
2016-12-08 19:00:00,18.9056980057,18.8764957265,2016-12-08 19:30:00
2016-12-08 19:30:00,17.9854700855,17.8004273504,2016-12-08 20:00:00
2016-12-08 20:00:00,15.585021398,15.080171184,2016-12-08 20:30:00
2016-12-08 20:30:00,13.681294964,13.5185611511,2016-12-08 21:00:00
2016-12-08 21:00:00,12.7949421965,12.7202312139,2016-12-08 21:30:00
2016-12-08 21:30:00,12.8915820029,12.8777939042,2016-12-08 22:00:00
2016-12-08 22:00:00,12.7865329513,12.7793696275,2016-12-08 22:30:00
2016-12-08 22:30:00,12.9701428571,12.8922857143,2016-12-08 23:00:00
2016-12-08 23:00:00,12.3977044476,12.1278335725,2016-12-08 23:30:00
2016-12-08 23:30:00,11.7614060258,11.5430416069,2016-12-09 00:00:00
2016-12-09 00:00:00,11.2846484935,11.1028694405,2016-12-09 00:30:00
2016-12-09 00:30:00,11.3616929699,11.1196556671,2016-12-09 01:00:00
2016-12-09 01:00:00,11.4064748201,11.1748201439,2016-12-09 01:30:00
2016-12-09 01:30:00,11.5223495702,11.2505730659,2016-12-09 02:00:00
2016-12-09 02:00:00,11.5035971223,11.2397122302,2016-12-09 02:30:00
2016-12-09 02:30:00,11.3555078684,11.1353361946,2016-12-09 03:00:00
2016-12-09 03:00:00,11.0891273247,10.8815450644,2016-12-09 03:30:00
2016-12-09 03:30:00,10.9108416548,10.6917261056,2016-12-09 04:00:00
2016-12-09 04:00:00,10.7332378223,10.4979942693,2016-12-09 04:30:00
2016-12-09 04:30:00,10.6574314574,10.4125541126,2016-12-09 05:00:00
2016-12-09 05:00:00,10.6071633238,10.3329512894,2016-12-09 05:30:00
2016-12-09 05:30:00,10.7657593123,10.4849570201,2016-12-09 06:00:00
2016-12-09 06:00:00,10.5583573487,10.2426512968,2016-12-09 06:30:00
2016-12-09 06:30:00,10.2466954023,9.94956896552,2016-12-09 07:00:00
2016-12-09 07:00:00,10.4022955524,10.0291248207,2016-12-09 07:30:00
2016-12-09 07:30:00,9.86575539568,9.60302158273,2016-12-09 08:00:00
2016-12-09 08:00:00,10.0590584879,9.76761768902,2016-12-09 08:30:00
2016-12-09 08:30:00,9.48051575931,9.21805157593,2016-12-09 09:00:00
2016-12-09 09:00:00,9.36475644699,9.0659025788,2016-12-09 09:30:00
2016-12-09 09:30:00,8.61119081779,8.36068866571,2016-12-09 10:00:00
2016-12-09 10:00:00,8.07824207493,7.82737752161,2016-12-09 10:30:00
2016-12-09 10:30:00,7.98815977175,7.67346647646,2016-12-09 11:00:00
2016-12-09 11:00:00,7.73490701001,7.40586552217,2016-12-09 11:30:00
2016-12-09 11:30:00,7.52675250358,7.25836909871,2016-12-09 12:00:00
2016-12-09 12:00:00,8.78904899135,8.49596541787,2016-12-09 12:30:00
2016-12-09 12:30:00,9.97181688126,9.76480686695,2016-12-09 13:00:00
2016-12-09 13:00:00,11.4428571429,11.3527142857,2016-12-09 13:30:00
2016-12-09 13:30:00,12.4690442225,12.3537803138,2016-12-09 14:00:00
2016-12-09 14:00:00,13.5147937411,13.4901849218,2016-12-09 14:30:00
2016-12-09 14:30:00,14.6440798859,14.7445078459,2016-12-09 15:00:00
2016-12-09 15:00:00,16.638,17.2697142857,2016-12-09 15:30:00
2016-12-09 15:30:00,20.9805714286,21.7374285714,2016-12-09 16:00:00
2016-12-09 16:00:00,24.4585365854,25.9420373027,2016-12-09 16:30:00
2016-12-09 16:30:00,24.5130747126,25.883908046,2016-12-09 17:00:00
2016-12-09 17:00:00,25.1126436782,26.2751436782,2016-12-09 17:30:00
2016-12-09 17:30:00,25.1101010101,26.3978354978,2016-12-09 18:00:00
2016-12-09 18:00:00,25.8014367816,26.7612068966,2016-12-09 18:30:00
2016-12-09 18:30:00,25.8506437768,26.1433476395,2016-12-09 19:00:00
2016-12-09 19:00:00,21.59527897,21.217453505,2016-12-09 19:30:00
2016-12-09 19:30:00,18.6263309353,17.8844604317,2016-12-09 20:00:00
2016-12-09 20:00:00,15.1519593614,14.5238026125,2016-12-09 20:30:00
2016-12-09 20:30:00,13.6839705882,13.7055882353,2016-12-09 21:00:00
2016-12-09 21:00:00,13.2,13.1827586207,2016-12-09 21:30:00
